idx,p,p_factors,p_prime_factors,pm1,pm1_prime_factorization,pm1_prime_factors,pm1_all_divisors,pm1_largest_prime,pm1_n_divisors,pp1,pp1_prime_factorization,pp1_prime_factors,pp1_all_divisors,pp1_largest_prime,pp1_n_divisors
1,2,"1, 2",2,1,1,,1,1,1,3,3,3,"1, 3",3,2
2,3,"1, 3",3,2,2,2,"1, 2",2,2,4,2^2,2,"1, 2, 4",2,3
3,5,"1, 5",5,4,2^2,2,"1, 2, 4",2,3,6,2 · 3,"2, 3","1, 2, 3, 6",3,4
4,7,"1, 7",7,6,2 · 3,"2, 3","1, 2, 3, 6",3,4,8,2^3,2,"1, 2, 4, 8",2,4
5,11,"1, 11",11,10,2 · 5,"2, 5","1, 2, 5, 10",5,4,12,2^2 · 3,"2, 3","1, 2, 3, 4, 6, 12",3,6
6,13,"1, 13",13,12,2^2 · 3,"2, 3","1, 2, 3, 4, 6, 12",3,6,14,2 · 7,"2, 7","1, 2, 7, 14",7,4
7,17,"1, 17",17,16,2^4,2,"1, 2, 4, 8, 16",2,5,18,2 · 3^2,"2, 3","1, 2, 3, 6, 9, 18",3,6
8,19,"1, 19",19,18,2 · 3^2,"2, 3","1, 2, 3, 6, 9, 18",3,6,20,2^2 · 5,"2, 5","1, 2, 4, 5, 10, 20",5,6
9,23,"1, 23",23,22,2 · 11,"2, 11","1, 2, 11, 22",11,4,24,2^3 · 3,"2, 3","1, 2, 3, 4, 6, 8, 12, 24",3,8
10,29,"1, 29",29,28,2^2 · 7,"2, 7","1, 2, 4, 7, 14, 28",7,6,30,2 · 3 · 5,"2, 3, 5","1, 2, 3, 5, 6, 10, 15, 30",5,8
11,31,"1, 31",31,30,2 · 3 · 5,"2, 3, 5","1, 2, 3, 5, 6, 10, 15, 30",5,8,32,2^5,2,"1, 2, 4, 8, 16, 32",2,6
12,37,"1, 37",37,36,2^2 · 3^2,"2, 3","1, 2, 3, 4, 6, 9, 12, 18, 36",3,9,38,2 · 19,"2, 19","1, 2, 19, 38",19,4
13,41,"1, 41",41,40,2^3 · 5,"2, 5","1, 2, 4, 5, 8, 10, 20, 40",5,8,42,2 · 3 · 7,"2, 3, 7","1, 2, 3, 6, 7, 14, 21, 42",7,8
14,43,"1, 43",43,42,2 · 3 · 7,"2, 3, 7","1, 2, 3, 6, 7, 14, 21, 42",7,8,44,2^2 · 11,"2, 11","1, 2, 4, 11, 22, 44",11,6
15,47,"1, 47",47,46,2 · 23,"2, 23","1, 2, 23, 46",23,4,48,2^4 · 3,"2, 3","1, 2, 3, 4, 6, 8, 12, 16, 24, 48",3,10
16,53,"1, 53",53,52,2^2 · 13,"2, 13","1, 2, 4, 13, 26, 52",13,6,54,2 · 3^3,"2, 3","1, 2, 3, 6, 9, 18, 27, 54",3,8
17,59,"1, 59",59,58,2 · 29,"2, 29","1, 2, 29, 58",29,4,60,2^2 · 3 · 5,"2, 3, 5","1, 2, 3, 4, 5, 6, 10, 12, 15, 20, 30, 60",5,12
18,61,"1, 61",61,60,2^2 · 3 · 5,"2, 3, 5","1, 2, 3, 4, 5, 6, 10, 12, 15, 20, 30, 60",5,12,62,2 · 31,"2, 31","1, 2, 31, 62",31,4
19,67,"1, 67",67,66,2 · 3 · 11,"2, 3, 11","1, 2, 3, 6, 11, 22, 33, 66",11,8,68,2^2 · 17,"2, 17","1, 2, 4, 17, 34, 68",17,6
20,71,"1, 71",71,70,2 · 5 · 7,"2, 5, 7","1, 2, 5, 7, 10, 14, 35, 70",7,8,72,2^3 · 3^2,"2, 3","1, 2, 3, 4, 6, 8, 9, 12, 18, 24, 36, 72",3,12
21,73,"1, 73",73,72,2^3 · 3^2,"2, 3","1, 2, 3, 4, 6, 8, 9, 12, 18, 24, 36, 72",3,12,74,2 · 37,"2, 37","1, 2, 37, 74",37,4
22,79,"1, 79",79,78,2 · 3 · 13,"2, 3, 13","1, 2, 3, 6, 13, 26, 39, 78",13,8,80,2^4 · 5,"2, 5","1, 2, 4, 5, 8, 10, 16, 20, 40, 80",5,10
23,83,"1, 83",83,82,2 · 41,"2, 41","1, 2, 41, 82",41,4,84,2^2 · 3 · 7,"2, 3, 7","1, 2, 3, 4, 6, 7, 12, 14, 21, 28, 42, 84",7,12
24,89,"1, 89",89,88,2^3 · 11,"2, 11","1, 2, 4, 8, 11, 22, 44, 88",11,8,90,2 · 3^2 · 5,"2, 3, 5","1, 2, 3, 5, 6, 9, 10, 15, 18, 30, 45, 90",5,12
25,97,"1, 97",97,96,2^5 · 3,"2, 3","1, 2, 3, 4, 6, 8, 12, 16, 24, 32, 48, 96",3,12,98,2 · 7^2,"2, 7","1, 2, 7, 14, 49, 98",7,6
26,101,"1, 101",101,100,2^2 · 5^2,"2, 5","1, 2, 4, 5, 10, 20, 25, 50, 100",5,9,102,2 · 3 · 17,"2, 3, 17","1, 2, 3, 6, 17, 34, 51, 102",17,8
27,103,"1, 103",103,102,2 · 3 · 17,"2, 3, 17","1, 2, 3, 6, 17, 34, 51, 102",17,8,104,2^3 · 13,"2, 13","1, 2, 4, 8, 13, 26, 52, 104",13,8
28,107,"1, 107",107,106,2 · 53,"2, 53","1, 2, 53, 106",53,4,108,2^2 · 3^3,"2, 3","1, 2, 3, 4, 6, 9, 12, 18, 27, 36, 54, 108",3,12
29,109,"1, 109",109,108,2^2 · 3^3,"2, 3","1, 2, 3, 4, 6, 9, 12, 18, 27, 36, 54, 108",3,12,110,2 · 5 · 11,"2, 5, 11","1, 2, 5, 10, 11, 22, 55, 110",11,8
30,113,"1, 113",113,112,2^4 · 7,"2, 7","1, 2, 4, 7, 8, 14, 16, 28, 56, 112",7,10,114,2 · 3 · 19,"2, 3, 19","1, 2, 3, 6, 19, 38, 57, 114",19,8
31,127,"1, 127",127,126,2 · 3^2 · 7,"2, 3, 7","1, 2, 3, 6, 7, 9, 14, 18, 21, 42, 63, 126",7,12,128,2^7,2,"1, 2, 4, 8, 16, 32, 64, 128",2,8
32,131,"1, 131",131,130,2 · 5 · 13,"2, 5, 13","1, 2, 5, 10, 13, 26, 65, 130",13,8,132,2^2 · 3 · 11,"2, 3, 11","1, 2, 3, 4, 6, 11, 12, 22, 33, 44, 66, 132",11,12
33,137,"1, 137",137,136,2^3 · 17,"2, 17","1, 2, 4, 8, 17, 34, 68, 136",17,8,138,2 · 3 · 23,"2, 3, 23","1, 2, 3, 6, 23, 46, 69, 138",23,8
34,139,"1, 139",139,138,2 · 3 · 23,"2, 3, 23","1, 2, 3, 6, 23, 46, 69, 138",23,8,140,2^2 · 5 · 7,"2, 5, 7","1, 2, 4, 5, 7, 10, 14, 20, 28, 35, 70, 140",7,12
35,149,"1, 149",149,148,2^2 · 37,"2, 37","1, 2, 4, 37, 74, 148",37,6,150,2 · 3 · 5^2,"2, 3, 5","1, 2, 3, 5, 6, 10, 15, 25, 30, 50, 75, 150",5,12
36,151,"1, 151",151,150,2 · 3 · 5^2,"2, 3, 5","1, 2, 3, 5, 6, 10, 15, 25, 30, 50, 75, 150",5,12,152,2^3 · 19,"2, 19","1, 2, 4, 8, 19, 38, 76, 152",19,8
37,157,"1, 157",157,156,2^2 · 3 · 13,"2, 3, 13","1, 2, 3, 4, 6, 12, 13, 26, 39, 52, 78, 156",13,12,158,2 · 79,"2, 79","1, 2, 79, 158",79,4
38,163,"1, 163",163,162,2 · 3^4,"2, 3","1, 2, 3, 6, 9, 18, 27, 54, 81, 162",3,10,164,2^2 · 41,"2, 41","1, 2, 4, 41, 82, 164",41,6
39,167,"1, 167",167,166,2 · 83,"2, 83","1, 2, 83, 166",83,4,168,2^3 · 3 · 7,"2, 3, 7","1, 2, 3, 4, 6, 7, 8, 12, 14, 21, 24, 28, 42, 56, 84, 168",7,16
40,173,"1, 173",173,172,2^2 · 43,"2, 43","1, 2, 4, 43, 86, 172",43,6,174,2 · 3 · 29,"2, 3, 29","1, 2, 3, 6, 29, 58, 87, 174",29,8
41,179,"1, 179",179,178,2 · 89,"2, 89","1, 2, 89, 178",89,4,180,2^2 · 3^2 · 5,"2, 3, 5","1, 2, 3, 4, 5, 6, 9, 10, 12, 15, 18, 20, 30, 36, 45, 60, 90, 180",5,18
42,181,"1, 181",181,180,2^2 · 3^2 · 5,"2, 3, 5","1, 2, 3, 4, 5, 6, 9, 10, 12, 15, 18, 20, 30, 36, 45, 60, 90, 180",5,18,182,2 · 7 · 13,"2, 7, 13","1, 2, 7, 13, 14, 26, 91, 182",13,8
43,191,"1, 191",191,190,2 · 5 · 19,"2, 5, 19","1, 2, 5, 10, 19, 38, 95, 190",19,8,192,2^6 · 3,"2, 3","1, 2, 3, 4, 6, 8, 12, 16, 24, 32, 48, 64, 96, 192",3,14
44,193,"1, 193",193,192,2^6 · 3,"2, 3","1, 2, 3, 4, 6, 8, 12, 16, 24, 32, 48, 64, 96, 192",3,14,194,2 · 97,"2, 97","1, 2, 97, 194",97,4
45,197,"1, 197",197,196,2^2 · 7^2,"2, 7","1, 2, 4, 7, 14, 28, 49, 98, 196",7,9,198,2 · 3^2 · 11,"2, 3, 11","1, 2, 3, 6, 9, 11, 18, 22, 33, 66, 99, 198",11,12
46,199,"1, 199",199,198,2 · 3^2 · 11,"2, 3, 11","1, 2, 3, 6, 9, 11, 18, 22, 33, 66, 99, 198",11,12,200,2^3 · 5^2,"2, 5","1, 2, 4, 5, 8, 10, 20, 25, 40, 50, 100, 200",5,12
47,211,"1, 211",211,210,2 · 3 · 5 · 7,"2, 3, 5, 7","1, 2, 3, 5, 6, 7, 10, 14, 15, 21, 30, 35, 42, 70, 105, 210",7,16,212,2^2 · 53,"2, 53","1, 2, 4, 53, 106, 212",53,6
48,223,"1, 223",223,222,2 · 3 · 37,"2, 3, 37","1, 2, 3, 6, 37, 74, 111, 222",37,8,224,2^5 · 7,"2, 7","1, 2, 4, 7, 8, 14, 16, 28, 32, 56, 112, 224",7,12
49,227,"1, 227",227,226,2 · 113,"2, 113","1, 2, 113, 226",113,4,228,2^2 · 3 · 19,"2, 3, 19","1, 2, 3, 4, 6, 12, 19, 38, 57, 76, 114, 228",19,12
50,229,"1, 229",229,228,2^2 · 3 · 19,"2, 3, 19","1, 2, 3, 4, 6, 12, 19, 38, 57, 76, 114, 228",19,12,230,2 · 5 · 23,"2, 5, 23","1, 2, 5, 10, 23, 46, 115, 230",23,8
51,233,"1, 233",233,232,2^3 · 29,"2, 29","1, 2, 4, 8, 29, 58, 116, 232",29,8,234,2 · 3^2 · 13,"2, 3, 13","1, 2, 3, 6, 9, 13, 18, 26, 39, 78, 117, 234",13,12
52,239,"1, 239",239,238,2 · 7 · 17,"2, 7, 17","1, 2, 7, 14, 17, 34, 119, 238",17,8,240,2^4 · 3 · 5,"2, 3, 5","1, 2, 3, 4, 5, 6, 8, 10, 12, 15, 16, 20, 24, 30, 40, 48, 60, 80, 120, 240",5,20
53,241,"1, 241",241,240,2^4 · 3 · 5,"2, 3, 5","1, 2, 3, 4, 5, 6, 8, 10, 12, 15, 16, 20, 24, 30, 40, 48, 60, 80, 120, 240",5,20,242,2 · 11^2,"2, 11","1, 2, 11, 22, 121, 242",11,6
54,251,"1, 251",251,250,2 · 5^3,"2, 5","1, 2, 5, 10, 25, 50, 125, 250",5,8,252,2^2 · 3^2 · 7,"2, 3, 7","1, 2, 3, 4, 6, 7, 9, 12, 14, 18, 21, 28, 36, 42, 63, 84, 126, 252",7,18
55,257,"1, 257",257,256,2^8,2,"1, 2, 4, 8, 16, 32, 64, 128, 256",2,9,258,2 · 3 · 43,"2, 3, 43","1, 2, 3, 6, 43, 86, 129, 258",43,8
56,263,"1, 263",263,262,2 · 131,"2, 131","1, 2, 131, 262",131,4,264,2^3 · 3 · 11,"2, 3, 11","1, 2, 3, 4, 6, 8, 11, 12, 22, 24, 33, 44, 66, 88, 132, 264",11,16
57,269,"1, 269",269,268,2^2 · 67,"2, 67","1, 2, 4, 67, 134, 268",67,6,270,2 · 3^3 · 5,"2, 3, 5","1, 2, 3, 5, 6, 9, 10, 15, 18, 27, 30, 45, 54, 90, 135, 270",5,16
58,271,"1, 271",271,270,2 · 3^3 · 5,"2, 3, 5","1, 2, 3, 5, 6, 9, 10, 15, 18, 27, 30, 45, 54, 90, 135, 270",5,16,272,2^4 · 17,"2, 17","1, 2, 4, 8, 16, 17, 34, 68, 136, 272",17,10
59,277,"1, 277",277,276,2^2 · 3 · 23,"2, 3, 23","1, 2, 3, 4, 6, 12, 23, 46, 69, 92, 138, 276",23,12,278,2 · 139,"2, 139","1, 2, 139, 278",139,4
60,281,"1, 281",281,280,2^3 · 5 · 7,"2, 5, 7","1, 2, 4, 5, 7, 8, 10, 14, 20, 28, 35, 40, 56, 70, 140, 280",7,16,282,2 · 3 · 47,"2, 3, 47","1, 2, 3, 6, 47, 94, 141, 282",47,8
61,283,"1, 283",283,282,2 · 3 · 47,"2, 3, 47","1, 2, 3, 6, 47, 94, 141, 282",47,8,284,2^2 · 71,"2, 71","1, 2, 4, 71, 142, 284",71,6
62,293,"1, 293",293,292,2^2 · 73,"2, 73","1, 2, 4, 73, 146, 292",73,6,294,2 · 3 · 7^2,"2, 3, 7","1, 2, 3, 6, 7, 14, 21, 42, 49, 98, 147, 294",7,12
63,307,"1, 307",307,306,2 · 3^2 · 17,"2, 3, 17","1, 2, 3, 6, 9, 17, 18, 34, 51, 102, 153, 306",17,12,308,2^2 · 7 · 11,"2, 7, 11","1, 2, 4, 7, 11, 14, 22, 28, 44, 77, 154, 308",11,12
64,311,"1, 311",311,310,2 · 5 · 31,"2, 5, 31","1, 2, 5, 10, 31, 62, 155, 310",31,8,312,2^3 · 3 · 13,"2, 3, 13","1, 2, 3, 4, 6, 8, 12, 13, 24, 26, 39, 52, 78, 104, 156, 312",13,16
65,313,"1, 313",313,312,2^3 · 3 · 13,"2, 3, 13","1, 2, 3, 4, 6, 8, 12, 13, 24, 26, 39, 52, 78, 104, 156, 312",13,16,314,2 · 157,"2, 157","1, 2, 157, 314",157,4
66,317,"1, 317",317,316,2^2 · 79,"2, 79","1, 2, 4, 79, 158, 316",79,6,318,2 · 3 · 53,"2, 3, 53","1, 2, 3, 6, 53, 106, 159, 318",53,8
67,331,"1, 331",331,330,2 · 3 · 5 · 11,"2, 3, 5, 11","1, 2, 3, 5, 6, 10, 11, 15, 22, 30, 33, 55, 66, 110, 165, 330",11,16,332,2^2 · 83,"2, 83","1, 2, 4, 83, 166, 332",83,6
68,337,"1, 337",337,336,2^4 · 3 · 7,"2, 3, 7","1, 2, 3, 4, 6, 7, 8, 12, 14, 16, 21, 24, 28, 42, 48, 56, 84, 112, 168, 336",7,20,338,2 · 13^2,"2, 13","1, 2, 13, 26, 169, 338",13,6
69,347,"1, 347",347,346,2 · 173,"2, 173","1, 2, 173, 346",173,4,348,2^2 · 3 · 29,"2, 3, 29","1, 2, 3, 4, 6, 12, 29, 58, 87, 116, 174, 348",29,12
70,349,"1, 349",349,348,2^2 · 3 · 29,"2, 3, 29","1, 2, 3, 4, 6, 12, 29, 58, 87, 116, 174, 348",29,12,350,2 · 5^2 · 7,"2, 5, 7","1, 2, 5, 7, 10, 14, 25, 35, 50, 70, 175, 350",7,12
71,353,"1, 353",353,352,2^5 · 11,"2, 11","1, 2, 4, 8, 11, 16, 22, 32, 44, 88, 176, 352",11,12,354,2 · 3 · 59,"2, 3, 59","1, 2, 3, 6, 59, 118, 177, 354",59,8
72,359,"1, 359",359,358,2 · 179,"2, 179","1, 2, 179, 358",179,4,360,2^3 · 3^2 · 5,"2, 3, 5","1, 2, 3, 4, 5, 6, 8, 9, 10, 12, 15, 18, 20, 24, 30, 36, 40, 45, 60, 72, 90, 120, 180, 360",5,24
73,367,"1, 367",367,366,2 · 3 · 61,"2, 3, 61","1, 2, 3, 6, 61, 122, 183, 366",61,8,368,2^4 · 23,"2, 23","1, 2, 4, 8, 16, 23, 46, 92, 184, 368",23,10
74,373,"1, 373",373,372,2^2 · 3 · 31,"2, 3, 31","1, 2, 3, 4, 6, 12, 31, 62, 93, 124, 186, 372",31,12,374,2 · 11 · 17,"2, 11, 17","1, 2, 11, 17, 22, 34, 187, 374",17,8
75,379,"1, 379",379,378,2 · 3^3 · 7,"2, 3, 7","1, 2, 3, 6, 7, 9, 14, 18, 21, 27, 42, 54, 63, 126, 189, 378",7,16,380,2^2 · 5 · 19,"2, 5, 19","1, 2, 4, 5, 10, 19, 20, 38, 76, 95, 190, 380",19,12
76,383,"1, 383",383,382,2 · 191,"2, 191","1, 2, 191, 382",191,4,384,2^7 · 3,"2, 3","1, 2, 3, 4, 6, 8, 12, 16, 24, 32, 48, 64, 96, 128, 192, 384",3,16
77,389,"1, 389",389,388,2^2 · 97,"2, 97","1, 2, 4, 97, 194, 388",97,6,390,2 · 3 · 5 · 13,"2, 3, 5, 13","1, 2, 3, 5, 6, 10, 13, 15, 26, 30, 39, 65, 78, 130, 195, 390",13,16
78,397,"1, 397",397,396,2^2 · 3^2 · 11,"2, 3, 11","1, 2, 3, 4, 6, 9, 11, 12, 18, 22, 33, 36, 44, 66, 99, 132, 198, 396",11,18,398,2 · 199,"2, 199","1, 2, 199, 398",199,4
79,401,"1, 401",401,400,2^4 · 5^2,"2, 5","1, 2, 4, 5, 8, 10, 16, 20, 25, 40, 50, 80, 100, 200, 400",5,15,402,2 · 3 · 67,"2, 3, 67","1, 2, 3, 6, 67, 134, 201, 402",67,8
80,409,"1, 409",409,408,2^3 · 3 · 17,"2, 3, 17","1, 2, 3, 4, 6, 8, 12, 17, 24, 34, 51, 68, 102, 136, 204, 408",17,16,410,2 · 5 · 41,"2, 5, 41","1, 2, 5, 10, 41, 82, 205, 410",41,8
81,419,"1, 419",419,418,2 · 11 · 19,"2, 11, 19","1, 2, 11, 19, 22, 38, 209, 418",19,8,420,2^2 · 3 · 5 · 7,"2, 3, 5, 7","1, 2, 3, 4, 5, 6, 7, 10, 12, 14, 15, 20, 21, 28, 30, 35, 42, 60, 70, 84, 105, 140, 210, 420",7,24
82,421,"1, 421",421,420,2^2 · 3 · 5 · 7,"2, 3, 5, 7","1, 2, 3, 4, 5, 6, 7, 10, 12, 14, 15, 20, 21, 28, 30, 35, 42, 60, 70, 84, 105, 140, 210, 420",7,24,422,2 · 211,"2, 211","1, 2, 211, 422",211,4
83,431,"1, 431",431,430,2 · 5 · 43,"2, 5, 43","1, 2, 5, 10, 43, 86, 215, 430",43,8,432,2^4 · 3^3,"2, 3","1, 2, 3, 4, 6, 8, 9, 12, 16, 18, 24, 27, 36, 48, 54, 72, 108, 144, 216, 432",3,20
84,433,"1, 433",433,432,2^4 · 3^3,"2, 3","1, 2, 3, 4, 6, 8, 9, 12, 16, 18, 24, 27, 36, 48, 54, 72, 108, 144, 216, 432",3,20,434,2 · 7 · 31,"2, 7, 31","1, 2, 7, 14, 31, 62, 217, 434",31,8
85,439,"1, 439",439,438,2 · 3 · 73,"2, 3, 73","1, 2, 3, 6, 73, 146, 219, 438",73,8,440,2^3 · 5 · 11,"2, 5, 11","1, 2, 4, 5, 8, 10, 11, 20, 22, 40, 44, 55, 88, 110, 220, 440",11,16
86,443,"1, 443",443,442,2 · 13 · 17,"2, 13, 17","1, 2, 13, 17, 26, 34, 221, 442",17,8,444,2^2 · 3 · 37,"2, 3, 37","1, 2, 3, 4, 6, 12, 37, 74, 111, 148, 222, 444",37,12
87,449,"1, 449",449,448,2^6 · 7,"2, 7","1, 2, 4, 7, 8, 14, 16, 28, 32, 56, 64, 112, 224, 448",7,14,450,2 · 3^2 · 5^2,"2, 3, 5","1, 2, 3, 5, 6, 9, 10, 15, 18, 25, 30, 45, 50, 75, 90, 150, 225, 450",5,18
88,457,"1, 457",457,456,2^3 · 3 · 19,"2, 3, 19","1, 2, 3, 4, 6, 8, 12, 19, 24, 38, 57, 76, 114, 152, 228, 456",19,16,458,2 · 229,"2, 229","1, 2, 229, 458",229,4
89,461,"1, 461",461,460,2^2 · 5 · 23,"2, 5, 23","1, 2, 4, 5, 10, 20, 23, 46, 92, 115, 230, 460",23,12,462,2 · 3 · 7 · 11,"2, 3, 7, 11","1, 2, 3, 6, 7, 11, 14, 21, 22, 33, 42, 66, 77, 154, 231, 462",11,16
90,463,"1, 463",463,462,2 · 3 · 7 · 11,"2, 3, 7, 11","1, 2, 3, 6, 7, 11, 14, 21, 22, 33, 42, 66, 77, 154, 231, 462",11,16,464,2^4 · 29,"2, 29","1, 2, 4, 8, 16, 29, 58, 116, 232, 464",29,10
91,467,"1, 467",467,466,2 · 233,"2, 233","1, 2, 233, 466",233,4,468,2^2 · 3^2 · 13,"2, 3, 13","1, 2, 3, 4, 6, 9, 12, 13, 18, 26, 36, 39, 52, 78, 117, 156, 234, 468",13,18
92,479,"1, 479",479,478,2 · 239,"2, 239","1, 2, 239, 478",239,4,480,2^5 · 3 · 5,"2, 3, 5","1, 2, 3, 4, 5, 6, 8, 10, 12, 15, 16, 20, 24, 30, 32, 40, 48, 60, 80, 96, 120, 160, 240, 480",5,24
93,487,"1, 487",487,486,2 · 3^5,"2, 3","1, 2, 3, 6, 9, 18, 27, 54, 81, 162, 243, 486",3,12,488,2^3 · 61,"2, 61","1, 2, 4, 8, 61, 122, 244, 488",61,8
94,491,"1, 491",491,490,2 · 5 · 7^2,"2, 5, 7","1, 2, 5, 7, 10, 14, 35, 49, 70, 98, 245, 490",7,12,492,2^2 · 3 · 41,"2, 3, 41","1, 2, 3, 4, 6, 12, 41, 82, 123, 164, 246, 492",41,12
95,499,"1, 499",499,498,2 · 3 · 83,"2, 3, 83","1, 2, 3, 6, 83, 166, 249, 498",83,8,500,2^2 · 5^3,"2, 5","1, 2, 4, 5, 10, 20, 25, 50, 100, 125, 250, 500",5,12
96,503,"1, 503",503,502,2 · 251,"2, 251","1, 2, 251, 502",251,4,504,2^3 · 3^2 · 7,"2, 3, 7","1, 2, 3, 4, 6, 7, 8, 9, 12, 14, 18, 21, 24, 28, 36, 42, 56, 63, 72, 84, 126, 168, 252, 504",7,24
97,509,"1, 509",509,508,2^2 · 127,"2, 127","1, 2, 4, 127, 254, 508",127,6,510,2 · 3 · 5 · 17,"2, 3, 5, 17","1, 2, 3, 5, 6, 10, 15, 17, 30, 34, 51, 85, 102, 170, 255, 510",17,16
98,521,"1, 521",521,520,2^3 · 5 · 13,"2, 5, 13","1, 2, 4, 5, 8, 10, 13, 20, 26, 40, 52, 65, 104, 130, 260, 520",13,16,522,2 · 3^2 · 29,"2, 3, 29","1, 2, 3, 6, 9, 18, 29, 58, 87, 174, 261, 522",29,12
99,523,"1, 523",523,522,2 · 3^2 · 29,"2, 3, 29","1, 2, 3, 6, 9, 18, 29, 58, 87, 174, 261, 522",29,12,524,2^2 · 131,"2, 131","1, 2, 4, 131, 262, 524",131,6
100,541,"1, 541",541,540,2^2 · 3^3 · 5,"2, 3, 5","1, 2, 3, 4, 5, 6, 9, 10, 12, 15, 18, 20, 27, 30, 36, 45, 54, 60, 90, 108, 135, 180, 270, 540",5,24,542,2 · 271,"2, 271","1, 2, 271, 542",271,4
101,547,"1, 547",547,546,2 · 3 · 7 · 13,"2, 3, 7, 13","1, 2, 3, 6, 7, 13, 14, 21, 26, 39, 42, 78, 91, 182, 273, 546",13,16,548,2^2 · 137,"2, 137","1, 2, 4, 137, 274, 548",137,6
102,557,"1, 557",557,556,2^2 · 139,"2, 139","1, 2, 4, 139, 278, 556",139,6,558,2 · 3^2 · 31,"2, 3, 31","1, 2, 3, 6, 9, 18, 31, 62, 93, 186, 279, 558",31,12
103,563,"1, 563",563,562,2 · 281,"2, 281","1, 2, 281, 562",281,4,564,2^2 · 3 · 47,"2, 3, 47","1, 2, 3, 4, 6, 12, 47, 94, 141, 188, 282, 564",47,12
104,569,"1, 569",569,568,2^3 · 71,"2, 71","1, 2, 4, 8, 71, 142, 284, 568",71,8,570,2 · 3 · 5 · 19,"2, 3, 5, 19","1, 2, 3, 5, 6, 10, 15, 19, 30, 38, 57, 95, 114, 190, 285, 570",19,16
105,571,"1, 571",571,570,2 · 3 · 5 · 19,"2, 3, 5, 19","1, 2, 3, 5, 6, 10, 15, 19, 30, 38, 57, 95, 114, 190, 285, 570",19,16,572,2^2 · 11 · 13,"2, 11, 13","1, 2, 4, 11, 13, 22, 26, 44, 52, 143, 286, 572",13,12
106,577,"1, 577",577,576,2^6 · 3^2,"2, 3","1, 2, 3, 4, 6, 8, 9, 12, 16, 18, 24, 32, 36, 48, 64, 72, 96, 144, 192, 288, 576",3,21,578,2 · 17^2,"2, 17","1, 2, 17, 34, 289, 578",17,6
107,587,"1, 587",587,586,2 · 293,"2, 293","1, 2, 293, 586",293,4,588,2^2 · 3 · 7^2,"2, 3, 7","1, 2, 3, 4, 6, 7, 12, 14, 21, 28, 42, 49, 84, 98, 147, 196, 294, 588",7,18
108,593,"1, 593",593,592,2^4 · 37,"2, 37","1, 2, 4, 8, 16, 37, 74, 148, 296, 592",37,10,594,2 · 3^3 · 11,"2, 3, 11","1, 2, 3, 6, 9, 11, 18, 22, 27, 33, 54, 66, 99, 198, 297, 594",11,16
109,599,"1, 599",599,598,2 · 13 · 23,"2, 13, 23","1, 2, 13, 23, 26, 46, 299, 598",23,8,600,2^3 · 3 · 5^2,"2, 3, 5","1, 2, 3, 4, 5, 6, 8, 10, 12, 15, 20, 24, 25, 30, 40, 50, 60, 75, 100, 120, 150, 200, 300, 600",5,24
110,601,"1, 601",601,600,2^3 · 3 · 5^2,"2, 3, 5","1, 2, 3, 4, 5, 6, 8, 10, 12, 15, 20, 24, 25, 30, 40, 50, 60, 75, 100, 120, 150, 200, 300, 600",5,24,602,2 · 7 · 43,"2, 7, 43","1, 2, 7, 14, 43, 86, 301, 602",43,8
111,607,"1, 607",607,606,2 · 3 · 101,"2, 3, 101","1, 2, 3, 6, 101, 202, 303, 606",101,8,608,2^5 · 19,"2, 19","1, 2, 4, 8, 16, 19, 32, 38, 76, 152, 304, 608",19,12
112,613,"1, 613",613,612,2^2 · 3^2 · 17,"2, 3, 17","1, 2, 3, 4, 6, 9, 12, 17, 18, 34, 36, 51, 68, 102, 153, 204, 306, 612",17,18,614,2 · 307,"2, 307","1, 2, 307, 614",307,4
113,617,"1, 617",617,616,2^3 · 7 · 11,"2, 7, 11","1, 2, 4, 7, 8, 11, 14, 22, 28, 44, 56, 77, 88, 154, 308, 616",11,16,618,2 · 3 · 103,"2, 3, 103","1, 2, 3, 6, 103, 206, 309, 618",103,8
114,619,"1, 619",619,618,2 · 3 · 103,"2, 3, 103","1, 2, 3, 6, 103, 206, 309, 618",103,8,620,2^2 · 5 · 31,"2, 5, 31","1, 2, 4, 5, 10, 20, 31, 62, 124, 155, 310, 620",31,12
115,631,"1, 631",631,630,2 · 3^2 · 5 · 7,"2, 3, 5, 7","1, 2, 3, 5, 6, 7, 9, 10, 14, 15, 18, 21, 30, 35, 42, 45, 63, 70, 90, 105, 126, 210, 315, 630",7,24,632,2^3 · 79,"2, 79","1, 2, 4, 8, 79, 158, 316, 632",79,8
116,641,"1, 641",641,640,2^7 · 5,"2, 5","1, 2, 4, 5, 8, 10, 16, 20, 32, 40, 64, 80, 128, 160, 320, 640",5,16,642,2 · 3 · 107,"2, 3, 107","1, 2, 3, 6, 107, 214, 321, 642",107,8
117,643,"1, 643",643,642,2 · 3 · 107,"2, 3, 107","1, 2, 3, 6, 107, 214, 321, 642",107,8,644,2^2 · 7 · 23,"2, 7, 23","1, 2, 4, 7, 14, 23, 28, 46, 92, 161, 322, 644",23,12
118,647,"1, 647",647,646,2 · 17 · 19,"2, 17, 19","1, 2, 17, 19, 34, 38, 323, 646",19,8,648,2^3 · 3^4,"2, 3","1, 2, 3, 4, 6, 8, 9, 12, 18, 24, 27, 36, 54, 72, 81, 108, 162, 216, 324, 648",3,20
119,653,"1, 653",653,652,2^2 · 163,"2, 163","1, 2, 4, 163, 326, 652",163,6,654,2 · 3 · 109,"2, 3, 109","1, 2, 3, 6, 109, 218, 327, 654",109,8
120,659,"1, 659",659,658,2 · 7 · 47,"2, 7, 47","1, 2, 7, 14, 47, 94, 329, 658",47,8,660,2^2 · 3 · 5 · 11,"2, 3, 5, 11","1, 2, 3, 4, 5, 6, 10, 11, 12, 15, 20, 22, 30, 33, 44, 55, 60, 66, 110, 132, 165, 220, 330, 660",11,24
121,661,"1, 661",661,660,2^2 · 3 · 5 · 11,"2, 3, 5, 11","1, 2, 3, 4, 5, 6, 10, 11, 12, 15, 20, 22, 30, 33, 44, 55, 60, 66, 110, 132, 165, 220, 330, 660",11,24,662,2 · 331,"2, 331","1, 2, 331, 662",331,4
122,673,"1, 673",673,672,2^5 · 3 · 7,"2, 3, 7","1, 2, 3, 4, 6, 7, 8, 12, 14, 16, 21, 24, 28, 32, 42, 48, 56, 84, 96, 112, 168, 224, 336, 672",7,24,674,2 · 337,"2, 337","1, 2, 337, 674",337,4
123,677,"1, 677",677,676,2^2 · 13^2,"2, 13","1, 2, 4, 13, 26, 52, 169, 338, 676",13,9,678,2 · 3 · 113,"2, 3, 113","1, 2, 3, 6, 113, 226, 339, 678",113,8
124,683,"1, 683",683,682,2 · 11 · 31,"2, 11, 31","1, 2, 11, 22, 31, 62, 341, 682",31,8,684,2^2 · 3^2 · 19,"2, 3, 19","1, 2, 3, 4, 6, 9, 12, 18, 19, 36, 38, 57, 76, 114, 171, 228, 342, 684",19,18
125,691,"1, 691",691,690,2 · 3 · 5 · 23,"2, 3, 5, 23","1, 2, 3, 5, 6, 10, 15, 23, 30, 46, 69, 115, 138, 230, 345, 690",23,16,692,2^2 · 173,"2, 173","1, 2, 4, 173, 346, 692",173,6
126,701,"1, 701",701,700,2^2 · 5^2 · 7,"2, 5, 7","1, 2, 4, 5, 7, 10, 14, 20, 25, 28, 35, 50, 70, 100, 140, 175, 350, 700",7,18,702,2 · 3^3 · 13,"2, 3, 13","1, 2, 3, 6, 9, 13, 18, 26, 27, 39, 54, 78, 117, 234, 351, 702",13,16
127,709,"1, 709",709,708,2^2 · 3 · 59,"2, 3, 59","1, 2, 3, 4, 6, 12, 59, 118, 177, 236, 354, 708",59,12,710,2 · 5 · 71,"2, 5, 71","1, 2, 5, 10, 71, 142, 355, 710",71,8
128,719,"1, 719",719,718,2 · 359,"2, 359","1, 2, 359, 718",359,4,720,2^4 · 3^2 · 5,"2, 3, 5","1, 2, 3, 4, 5, 6, 8, 9, 10, 12, 15, 16, 18, 20, 24, 30, 36, 40, 45, 48, 60, 72, 80, 90, 120, 144, 180, 240, 360, 720",5,30
129,727,"1, 727",727,726,2 · 3 · 11^2,"2, 3, 11","1, 2, 3, 6, 11, 22, 33, 66, 121, 242, 363, 726",11,12,728,2^3 · 7 · 13,"2, 7, 13","1, 2, 4, 7, 8, 13, 14, 26, 28, 52, 56, 91, 104, 182, 364, 728",13,16
130,733,"1, 733",733,732,2^2 · 3 · 61,"2, 3, 61","1, 2, 3, 4, 6, 12, 61, 122, 183, 244, 366, 732",61,12,734,2 · 367,"2, 367","1, 2, 367, 734",367,4
131,739,"1, 739",739,738,2 · 3^2 · 41,"2, 3, 41","1, 2, 3, 6, 9, 18, 41, 82, 123, 246, 369, 738",41,12,740,2^2 · 5 · 37,"2, 5, 37","1, 2, 4, 5, 10, 20, 37, 74, 148, 185, 370, 740",37,12
132,743,"1, 743",743,742,2 · 7 · 53,"2, 7, 53","1, 2, 7, 14, 53, 106, 371, 742",53,8,744,2^3 · 3 · 31,"2, 3, 31","1, 2, 3, 4, 6, 8, 12, 24, 31, 62, 93, 124, 186, 248, 372, 744",31,16
133,751,"1, 751",751,750,2 · 3 · 5^3,"2, 3, 5","1, 2, 3, 5, 6, 10, 15, 25, 30, 50, 75, 125, 150, 250, 375, 750",5,16,752,2^4 · 47,"2, 47","1, 2, 4, 8, 16, 47, 94, 188, 376, 752",47,10
134,757,"1, 757",757,756,2^2 · 3^3 · 7,"2, 3, 7","1, 2, 3, 4, 6, 7, 9, 12, 14, 18, 21, 27, 28, 36, 42, 54, 63, 84, 108, 126, 189, 252, 378, 756",7,24,758,2 · 379,"2, 379","1, 2, 379, 758",379,4
135,761,"1, 761",761,760,2^3 · 5 · 19,"2, 5, 19","1, 2, 4, 5, 8, 10, 19, 20, 38, 40, 76, 95, 152, 190, 380, 760",19,16,762,2 · 3 · 127,"2, 3, 127","1, 2, 3, 6, 127, 254, 381, 762",127,8
136,769,"1, 769",769,768,2^8 · 3,"2, 3","1, 2, 3, 4, 6, 8, 12, 16, 24, 32, 48, 64, 96, 128, 192, 256, 384, 768",3,18,770,2 · 5 · 7 · 11,"2, 5, 7, 11","1, 2, 5, 7, 10, 11, 14, 22, 35, 55, 70, 77, 110, 154, 385, 770",11,16
137,773,"1, 773",773,772,2^2 · 193,"2, 193","1, 2, 4, 193, 386, 772",193,6,774,2 · 3^2 · 43,"2, 3, 43","1, 2, 3, 6, 9, 18, 43, 86, 129, 258, 387, 774",43,12
138,787,"1, 787",787,786,2 · 3 · 131,"2, 3, 131","1, 2, 3, 6, 131, 262, 393, 786",131,8,788,2^2 · 197,"2, 197","1, 2, 4, 197, 394, 788",197,6
139,797,"1, 797",797,796,2^2 · 199,"2, 199","1, 2, 4, 199, 398, 796",199,6,798,2 · 3 · 7 · 19,"2, 3, 7, 19","1, 2, 3, 6, 7, 14, 19, 21, 38, 42, 57, 114, 133, 266, 399, 798",19,16
140,809,"1, 809",809,808,2^3 · 101,"2, 101","1, 2, 4, 8, 101, 202, 404, 808",101,8,810,2 · 3^4 · 5,"2, 3, 5","1, 2, 3, 5, 6, 9, 10, 15, 18, 27, 30, 45, 54, 81, 90, 135, 162, 270, 405, 810",5,20
141,811,"1, 811",811,810,2 · 3^4 · 5,"2, 3, 5","1, 2, 3, 5, 6, 9, 10, 15, 18, 27, 30, 45, 54, 81, 90, 135, 162, 270, 405, 810",5,20,812,2^2 · 7 · 29,"2, 7, 29","1, 2, 4, 7, 14, 28, 29, 58, 116, 203, 406, 812",29,12
142,821,"1, 821",821,820,2^2 · 5 · 41,"2, 5, 41","1, 2, 4, 5, 10, 20, 41, 82, 164, 205, 410, 820",41,12,822,2 · 3 · 137,"2, 3, 137","1, 2, 3, 6, 137, 274, 411, 822",137,8
143,823,"1, 823",823,822,2 · 3 · 137,"2, 3, 137","1, 2, 3, 6, 137, 274, 411, 822",137,8,824,2^3 · 103,"2, 103","1, 2, 4, 8, 103, 206, 412, 824",103,8
144,827,"1, 827",827,826,2 · 7 · 59,"2, 7, 59","1, 2, 7, 14, 59, 118, 413, 826",59,8,828,2^2 · 3^2 · 23,"2, 3, 23","1, 2, 3, 4, 6, 9, 12, 18, 23, 36, 46, 69, 92, 138, 207, 276, 414, 828",23,18
145,829,"1, 829",829,828,2^2 · 3^2 · 23,"2, 3, 23","1, 2, 3, 4, 6, 9, 12, 18, 23, 36, 46, 69, 92, 138, 207, 276, 414, 828",23,18,830,2 · 5 · 83,"2, 5, 83","1, 2, 5, 10, 83, 166, 415, 830",83,8
146,839,"1, 839",839,838,2 · 419,"2, 419","1, 2, 419, 838",419,4,840,2^3 · 3 · 5 · 7,"2, 3, 5, 7","1, 2, 3, 4, 5, 6, 7, 8, 10, 12, 14, 15, 20, 21, 24, 28, 30, 35, 40, 42, 56, 60, 70, 84, 105, 120, 140, 168, 210, 280, 420, 840",7,32
147,853,"1, 853",853,852,2^2 · 3 · 71,"2, 3, 71","1, 2, 3, 4, 6, 12, 71, 142, 213, 284, 426, 852",71,12,854,2 · 7 · 61,"2, 7, 61","1, 2, 7, 14, 61, 122, 427, 854",61,8
148,857,"1, 857",857,856,2^3 · 107,"2, 107","1, 2, 4, 8, 107, 214, 428, 856",107,8,858,2 · 3 · 11 · 13,"2, 3, 11, 13","1, 2, 3, 6, 11, 13, 22, 26, 33, 39, 66, 78, 143, 286, 429, 858",13,16
149,859,"1, 859",859,858,2 · 3 · 11 · 13,"2, 3, 11, 13","1, 2, 3, 6, 11, 13, 22, 26, 33, 39, 66, 78, 143, 286, 429, 858",13,16,860,2^2 · 5 · 43,"2, 5, 43","1, 2, 4, 5, 10, 20, 43, 86, 172, 215, 430, 860",43,12
150,863,"1, 863",863,862,2 · 431,"2, 431","1, 2, 431, 862",431,4,864,2^5 · 3^3,"2, 3","1, 2, 3, 4, 6, 8, 9, 12, 16, 18, 24, 27, 32, 36, 48, 54, 72, 96, 108, 144, 216, 288, 432, 864",3,24
151,877,"1, 877",877,876,2^2 · 3 · 73,"2, 3, 73","1, 2, 3, 4, 6, 12, 73, 146, 219, 292, 438, 876",73,12,878,2 · 439,"2, 439","1, 2, 439, 878",439,4
152,881,"1, 881",881,880,2^4 · 5 · 11,"2, 5, 11","1, 2, 4, 5, 8, 10, 11, 16, 20, 22, 40, 44, 55, 80, 88, 110, 176, 220, 440, 880",11,20,882,2 · 3^2 · 7^2,"2, 3, 7","1, 2, 3, 6, 7, 9, 14, 18, 21, 42, 49, 63, 98, 126, 147, 294, 441, 882",7,18
153,883,"1, 883",883,882,2 · 3^2 · 7^2,"2, 3, 7","1, 2, 3, 6, 7, 9, 14, 18, 21, 42, 49, 63, 98, 126, 147, 294, 441, 882",7,18,884,2^2 · 13 · 17,"2, 13, 17","1, 2, 4, 13, 17, 26, 34, 52, 68, 221, 442, 884",17,12
154,887,"1, 887",887,886,2 · 443,"2, 443","1, 2, 443, 886",443,4,888,2^3 · 3 · 37,"2, 3, 37","1, 2, 3, 4, 6, 8, 12, 24, 37, 74, 111, 148, 222, 296, 444, 888",37,16
155,907,"1, 907",907,906,2 · 3 · 151,"2, 3, 151","1, 2, 3, 6, 151, 302, 453, 906",151,8,908,2^2 · 227,"2, 227","1, 2, 4, 227, 454, 908",227,6
156,911,"1, 911",911,910,2 · 5 · 7 · 13,"2, 5, 7, 13","1, 2, 5, 7, 10, 13, 14, 26, 35, 65, 70, 91, 130, 182, 455, 910",13,16,912,2^4 · 3 · 19,"2, 3, 19","1, 2, 3, 4, 6, 8, 12, 16, 19, 24, 38, 48, 57, 76, 114, 152, 228, 304, 456, 912",19,20
157,919,"1, 919",919,918,2 · 3^3 · 17,"2, 3, 17","1, 2, 3, 6, 9, 17, 18, 27, 34, 51, 54, 102, 153, 306, 459, 918",17,16,920,2^3 · 5 · 23,"2, 5, 23","1, 2, 4, 5, 8, 10, 20, 23, 40, 46, 92, 115, 184, 230, 460, 920",23,16
158,929,"1, 929",929,928,2^5 · 29,"2, 29","1, 2, 4, 8, 16, 29, 32, 58, 116, 232, 464, 928",29,12,930,2 · 3 · 5 · 31,"2, 3, 5, 31","1, 2, 3, 5, 6, 10, 15, 30, 31, 62, 93, 155, 186, 310, 465, 930",31,16
159,937,"1, 937",937,936,2^3 · 3^2 · 13,"2, 3, 13","1, 2, 3, 4, 6, 8, 9, 12, 13, 18, 24, 26, 36, 39, 52, 72, 78, 104, 117, 156, 234, 312, 468, 936",13,24,938,2 · 7 · 67,"2, 7, 67","1, 2, 7, 14, 67, 134, 469, 938",67,8
160,941,"1, 941",941,940,2^2 · 5 · 47,"2, 5, 47","1, 2, 4, 5, 10, 20, 47, 94, 188, 235, 470, 940",47,12,942,2 · 3 · 157,"2, 3, 157","1, 2, 3, 6, 157, 314, 471, 942",157,8
161,947,"1, 947",947,946,2 · 11 · 43,"2, 11, 43","1, 2, 11, 22, 43, 86, 473, 946",43,8,948,2^2 · 3 · 79,"2, 3, 79","1, 2, 3, 4, 6, 12, 79, 158, 237, 316, 474, 948",79,12
162,953,"1, 953",953,952,2^3 · 7 · 17,"2, 7, 17","1, 2, 4, 7, 8, 14, 17, 28, 34, 56, 68, 119, 136, 238, 476, 952",17,16,954,2 · 3^2 · 53,"2, 3, 53","1, 2, 3, 6, 9, 18, 53, 106, 159, 318, 477, 954",53,12
163,967,"1, 967",967,966,2 · 3 · 7 · 23,"2, 3, 7, 23","1, 2, 3, 6, 7, 14, 21, 23, 42, 46, 69, 138, 161, 322, 483, 966",23,16,968,2^3 · 11^2,"2, 11","1, 2, 4, 8, 11, 22, 44, 88, 121, 242, 484, 968",11,12
164,971,"1, 971",971,970,2 · 5 · 97,"2, 5, 97","1, 2, 5, 10, 97, 194, 485, 970",97,8,972,2^2 · 3^5,"2, 3","1, 2, 3, 4, 6, 9, 12, 18, 27, 36, 54, 81, 108, 162, 243, 324, 486, 972",3,18
165,977,"1, 977",977,976,2^4 · 61,"2, 61","1, 2, 4, 8, 16, 61, 122, 244, 488, 976",61,10,978,2 · 3 · 163,"2, 3, 163","1, 2, 3, 6, 163, 326, 489, 978",163,8
166,983,"1, 983",983,982,2 · 491,"2, 491","1, 2, 491, 982",491,4,984,2^3 · 3 · 41,"2, 3, 41","1, 2, 3, 4, 6, 8, 12, 24, 41, 82, 123, 164, 246, 328, 492, 984",41,16
167,991,"1, 991",991,990,2 · 3^2 · 5 · 11,"2, 3, 5, 11","1, 2, 3, 5, 6, 9, 10, 11, 15, 18, 22, 30, 33, 45, 55, 66, 90, 99, 110, 165, 198, 330, 495, 990",11,24,992,2^5 · 31,"2, 31","1, 2, 4, 8, 16, 31, 32, 62, 124, 248, 496, 992",31,12
168,997,"1, 997",997,996,2^2 · 3 · 83,"2, 3, 83","1, 2, 3, 4, 6, 12, 83, 166, 249, 332, 498, 996",83,12,998,2 · 499,"2, 499","1, 2, 499, 998",499,4
169,1009,"1, 1009",1009,1008,2^4 · 3^2 · 7,"2, 3, 7","1, 2, 3, 4, 6, 7, 8, 9, 12, 14, 16, 18, 21, 24, 28, 36, 42, 48, 56, 63, 72, 84, 112, 126, 144, 168, 252, 336, 504, 1008",7,30,1010,2 · 5 · 101,"2, 5, 101","1, 2, 5, 10, 101, 202, 505, 1010",101,8
170,1013,"1, 1013",1013,1012,2^2 · 11 · 23,"2, 11, 23","1, 2, 4, 11, 22, 23, 44, 46, 92, 253, 506, 1012",23,12,1014,2 · 3 · 13^2,"2, 3, 13","1, 2, 3, 6, 13, 26, 39, 78, 169, 338, 507, 1014",13,12
171,1019,"1, 1019",1019,1018,2 · 509,"2, 509","1, 2, 509, 1018",509,4,1020,2^2 · 3 · 5 · 17,"2, 3, 5, 17","1, 2, 3, 4, 5, 6, 10, 12, 15, 17, 20, 30, 34, 51, 60, 68, 85, 102, 170, 204, 255, 340, 510, 1020",17,24
172,1021,"1, 1021",1021,1020,2^2 · 3 · 5 · 17,"2, 3, 5, 17","1, 2, 3, 4, 5, 6, 10, 12, 15, 17, 20, 30, 34, 51, 60, 68, 85, 102, 170, 204, 255, 340, 510, 1020",17,24,1022,2 · 7 · 73,"2, 7, 73","1, 2, 7, 14, 73, 146, 511, 1022",73,8
173,1031,"1, 1031",1031,1030,2 · 5 · 103,"2, 5, 103","1, 2, 5, 10, 103, 206, 515, 1030",103,8,1032,2^3 · 3 · 43,"2, 3, 43","1, 2, 3, 4, 6, 8, 12, 24, 43, 86, 129, 172, 258, 344, 516, 1032",43,16
174,1033,"1, 1033",1033,1032,2^3 · 3 · 43,"2, 3, 43","1, 2, 3, 4, 6, 8, 12, 24, 43, 86, 129, 172, 258, 344, 516, 1032",43,16,1034,2 · 11 · 47,"2, 11, 47","1, 2, 11, 22, 47, 94, 517, 1034",47,8
175,1039,"1, 1039",1039,1038,2 · 3 · 173,"2, 3, 173","1, 2, 3, 6, 173, 346, 519, 1038",173,8,1040,2^4 · 5 · 13,"2, 5, 13","1, 2, 4, 5, 8, 10, 13, 16, 20, 26, 40, 52, 65, 80, 104, 130, 208, 260, 520, 1040",13,20
176,1049,"1, 1049",1049,1048,2^3 · 131,"2, 131","1, 2, 4, 8, 131, 262, 524, 1048",131,8,1050,2 · 3 · 5^2 · 7,"2, 3, 5, 7","1, 2, 3, 5, 6, 7, 10, 14, 15, 21, 25, 30, 35, 42, 50, 70, 75, 105, 150, 175, 210, 350, 525, 1050",7,24
177,1051,"1, 1051",1051,1050,2 · 3 · 5^2 · 7,"2, 3, 5, 7","1, 2, 3, 5, 6, 7, 10, 14, 15, 21, 25, 30, 35, 42, 50, 70, 75, 105, 150, 175, 210, 350, 525, 1050",7,24,1052,2^2 · 263,"2, 263","1, 2, 4, 263, 526, 1052",263,6
178,1061,"1, 1061",1061,1060,2^2 · 5 · 53,"2, 5, 53","1, 2, 4, 5, 10, 20, 53, 106, 212, 265, 530, 1060",53,12,1062,2 · 3^2 · 59,"2, 3, 59","1, 2, 3, 6, 9, 18, 59, 118, 177, 354, 531, 1062",59,12
179,1063,"1, 1063",1063,1062,2 · 3^2 · 59,"2, 3, 59","1, 2, 3, 6, 9, 18, 59, 118, 177, 354, 531, 1062",59,12,1064,2^3 · 7 · 19,"2, 7, 19","1, 2, 4, 7, 8, 14, 19, 28, 38, 56, 76, 133, 152, 266, 532, 1064",19,16
180,1069,"1, 1069",1069,1068,2^2 · 3 · 89,"2, 3, 89","1, 2, 3, 4, 6, 12, 89, 178, 267, 356, 534, 1068",89,12,1070,2 · 5 · 107,"2, 5, 107","1, 2, 5, 10, 107, 214, 535, 1070",107,8
181,1087,"1, 1087",1087,1086,2 · 3 · 181,"2, 3, 181","1, 2, 3, 6, 181, 362, 543, 1086",181,8,1088,2^6 · 17,"2, 17","1, 2, 4, 8, 16, 17, 32, 34, 64, 68, 136, 272, 544, 1088",17,14
182,1091,"1, 1091",1091,1090,2 · 5 · 109,"2, 5, 109","1, 2, 5, 10, 109, 218, 545, 1090",109,8,1092,2^2 · 3 · 7 · 13,"2, 3, 7, 13","1, 2, 3, 4, 6, 7, 12, 13, 14, 21, 26, 28, 39, 42, 52, 78, 84, 91, 156, 182, 273, 364, 546, 1092",13,24
183,1093,"1, 1093",1093,1092,2^2 · 3 · 7 · 13,"2, 3, 7, 13","1, 2, 3, 4, 6, 7, 12, 13, 14, 21, 26, 28, 39, 42, 52, 78, 84, 91, 156, 182, 273, 364, 546, 1092",13,24,1094,2 · 547,"2, 547","1, 2, 547, 1094",547,4
184,1097,"1, 1097",1097,1096,2^3 · 137,"2, 137","1, 2, 4, 8, 137, 274, 548, 1096",137,8,1098,2 · 3^2 · 61,"2, 3, 61","1, 2, 3, 6, 9, 18, 61, 122, 183, 366, 549, 1098",61,12
185,1103,"1, 1103",1103,1102,2 · 19 · 29,"2, 19, 29","1, 2, 19, 29, 38, 58, 551, 1102",29,8,1104,2^4 · 3 · 23,"2, 3, 23","1, 2, 3, 4, 6, 8, 12, 16, 23, 24, 46, 48, 69, 92, 138, 184, 276, 368, 552, 1104",23,20
186,1109,"1, 1109",1109,1108,2^2 · 277,"2, 277","1, 2, 4, 277, 554, 1108",277,6,1110,2 · 3 · 5 · 37,"2, 3, 5, 37","1, 2, 3, 5, 6, 10, 15, 30, 37, 74, 111, 185, 222, 370, 555, 1110",37,16
187,1117,"1, 1117",1117,1116,2^2 · 3^2 · 31,"2, 3, 31","1, 2, 3, 4, 6, 9, 12, 18, 31, 36, 62, 93, 124, 186, 279, 372, 558, 1116",31,18,1118,2 · 13 · 43,"2, 13, 43","1, 2, 13, 26, 43, 86, 559, 1118",43,8
188,1123,"1, 1123",1123,1122,2 · 3 · 11 · 17,"2, 3, 11, 17","1, 2, 3, 6, 11, 17, 22, 33, 34, 51, 66, 102, 187, 374, 561, 1122",17,16,1124,2^2 · 281,"2, 281","1, 2, 4, 281, 562, 1124",281,6
189,1129,"1, 1129",1129,1128,2^3 · 3 · 47,"2, 3, 47","1, 2, 3, 4, 6, 8, 12, 24, 47, 94, 141, 188, 282, 376, 564, 1128",47,16,1130,2 · 5 · 113,"2, 5, 113","1, 2, 5, 10, 113, 226, 565, 1130",113,8
190,1151,"1, 1151",1151,1150,2 · 5^2 · 23,"2, 5, 23","1, 2, 5, 10, 23, 25, 46, 50, 115, 230, 575, 1150",23,12,1152,2^7 · 3^2,"2, 3","1, 2, 3, 4, 6, 8, 9, 12, 16, 18, 24, 32, 36, 48, 64, 72, 96, 128, 144, 192, 288, 384, 576, 1152",3,24
191,1153,"1, 1153",1153,1152,2^7 · 3^2,"2, 3","1, 2, 3, 4, 6, 8, 9, 12, 16, 18, 24, 32, 36, 48, 64, 72, 96, 128, 144, 192, 288, 384, 576, 1152",3,24,1154,2 · 577,"2, 577","1, 2, 577, 1154",577,4
192,1163,"1, 1163",1163,1162,2 · 7 · 83,"2, 7, 83","1, 2, 7, 14, 83, 166, 581, 1162",83,8,1164,2^2 · 3 · 97,"2, 3, 97","1, 2, 3, 4, 6, 12, 97, 194, 291, 388, 582, 1164",97,12
193,1171,"1, 1171",1171,1170,2 · 3^2 · 5 · 13,"2, 3, 5, 13","1, 2, 3, 5, 6, 9, 10, 13, 15, 18, 26, 30, 39, 45, 65, 78, 90, 117, 130, 195, 234, 390, 585, 1170",13,24,1172,2^2 · 293,"2, 293","1, 2, 4, 293, 586, 1172",293,6
194,1181,"1, 1181",1181,1180,2^2 · 5 · 59,"2, 5, 59","1, 2, 4, 5, 10, 20, 59, 118, 236, 295, 590, 1180",59,12,1182,2 · 3 · 197,"2, 3, 197","1, 2, 3, 6, 197, 394, 591, 1182",197,8
195,1187,"1, 1187",1187,1186,2 · 593,"2, 593","1, 2, 593, 1186",593,4,1188,2^2 · 3^3 · 11,"2, 3, 11","1, 2, 3, 4, 6, 9, 11, 12, 18, 22, 27, 33, 36, 44, 54, 66, 99, 108, 132, 198, 297, 396, 594, 1188",11,24
196,1193,"1, 1193",1193,1192,2^3 · 149,"2, 149","1, 2, 4, 8, 149, 298, 596, 1192",149,8,1194,2 · 3 · 199,"2, 3, 199","1, 2, 3, 6, 199, 398, 597, 1194",199,8
197,1201,"1, 1201",1201,1200,2^4 · 3 · 5^2,"2, 3, 5","1, 2, 3, 4, 5, 6, 8, 10, 12, 15, 16, 20, 24, 25, 30, 40, 48, 50, 60, 75, 80, 100, 120, 150, 200, 240, 300, 400, 600, 1200",5,30,1202,2 · 601,"2, 601","1, 2, 601, 1202",601,4
198,1213,"1, 1213",1213,1212,2^2 · 3 · 101,"2, 3, 101","1, 2, 3, 4, 6, 12, 101, 202, 303, 404, 606, 1212",101,12,1214,2 · 607,"2, 607","1, 2, 607, 1214",607,4
199,1217,"1, 1217",1217,1216,2^6 · 19,"2, 19","1, 2, 4, 8, 16, 19, 32, 38, 64, 76, 152, 304, 608, 1216",19,14,1218,2 · 3 · 7 · 29,"2, 3, 7, 29","1, 2, 3, 6, 7, 14, 21, 29, 42, 58, 87, 174, 203, 406, 609, 1218",29,16
200,1223,"1, 1223",1223,1222,2 · 13 · 47,"2, 13, 47","1, 2, 13, 26, 47, 94, 611, 1222",47,8,1224,2^3 · 3^2 · 17,"2, 3, 17","1, 2, 3, 4, 6, 8, 9, 12, 17, 18, 24, 34, 36, 51, 68, 72, 102, 136, 153, 204, 306, 408, 612, 1224",17,24
201,1229,"1, 1229",1229,1228,2^2 · 307,"2, 307","1, 2, 4, 307, 614, 1228",307,6,1230,2 · 3 · 5 · 41,"2, 3, 5, 41","1, 2, 3, 5, 6, 10, 15, 30, 41, 82, 123, 205, 246, 410, 615, 1230",41,16
202,1231,"1, 1231",1231,1230,2 · 3 · 5 · 41,"2, 3, 5, 41","1, 2, 3, 5, 6, 10, 15, 30, 41, 82, 123, 205, 246, 410, 615, 1230",41,16,1232,2^4 · 7 · 11,"2, 7, 11","1, 2, 4, 7, 8, 11, 14, 16, 22, 28, 44, 56, 77, 88, 112, 154, 176, 308, 616, 1232",11,20
203,1237,"1, 1237",1237,1236,2^2 · 3 · 103,"2, 3, 103","1, 2, 3, 4, 6, 12, 103, 206, 309, 412, 618, 1236",103,12,1238,2 · 619,"2, 619","1, 2, 619, 1238",619,4
204,1249,"1, 1249",1249,1248,2^5 · 3 · 13,"2, 3, 13","1, 2, 3, 4, 6, 8, 12, 13, 16, 24, 26, 32, 39, 48, 52, 78, 96, 104, 156, 208, 312, 416, 624, 1248",13,24,1250,2 · 5^4,"2, 5","1, 2, 5, 10, 25, 50, 125, 250, 625, 1250",5,10
205,1259,"1, 1259",1259,1258,2 · 17 · 37,"2, 17, 37","1, 2, 17, 34, 37, 74, 629, 1258",37,8,1260,2^2 · 3^2 · 5 · 7,"2, 3, 5, 7","1, 2, 3, 4, 5, 6, 7, 9, 10, 12, 14, 15, 18, 20, 21, 28, 30, 35, 36, 42, 45, 60, 63, 70, 84, 90, 105, 126, 140, 180, 210, 252, 315, 420, 630, 1260",7,36
206,1277,"1, 1277",1277,1276,2^2 · 11 · 29,"2, 11, 29","1, 2, 4, 11, 22, 29, 44, 58, 116, 319, 638, 1276",29,12,1278,2 · 3^2 · 71,"2, 3, 71","1, 2, 3, 6, 9, 18, 71, 142, 213, 426, 639, 1278",71,12
207,1279,"1, 1279",1279,1278,2 · 3^2 · 71,"2, 3, 71","1, 2, 3, 6, 9, 18, 71, 142, 213, 426, 639, 1278",71,12,1280,2^8 · 5,"2, 5","1, 2, 4, 5, 8, 10, 16, 20, 32, 40, 64, 80, 128, 160, 256, 320, 640, 1280",5,18
208,1283,"1, 1283",1283,1282,2 · 641,"2, 641","1, 2, 641, 1282",641,4,1284,2^2 · 3 · 107,"2, 3, 107","1, 2, 3, 4, 6, 12, 107, 214, 321, 428, 642, 1284",107,12
209,1289,"1, 1289",1289,1288,2^3 · 7 · 23,"2, 7, 23","1, 2, 4, 7, 8, 14, 23, 28, 46, 56, 92, 161, 184, 322, 644, 1288",23,16,1290,2 · 3 · 5 · 43,"2, 3, 5, 43","1, 2, 3, 5, 6, 10, 15, 30, 43, 86, 129, 215, 258, 430, 645, 1290",43,16
210,1291,"1, 1291",1291,1290,2 · 3 · 5 · 43,"2, 3, 5, 43","1, 2, 3, 5, 6, 10, 15, 30, 43, 86, 129, 215, 258, 430, 645, 1290",43,16,1292,2^2 · 17 · 19,"2, 17, 19","1, 2, 4, 17, 19, 34, 38, 68, 76, 323, 646, 1292",19,12
211,1297,"1, 1297",1297,1296,2^4 · 3^4,"2, 3","1, 2, 3, 4, 6, 8, 9, 12, 16, 18, 24, 27, 36, 48, 54, 72, 81, 108, 144, 162, 216, 324, 432, 648, 1296",3,25,1298,2 · 11 · 59,"2, 11, 59","1, 2, 11, 22, 59, 118, 649, 1298",59,8
212,1301,"1, 1301",1301,1300,2^2 · 5^2 · 13,"2, 5, 13","1, 2, 4, 5, 10, 13, 20, 25, 26, 50, 52, 65, 100, 130, 260, 325, 650, 1300",13,18,1302,2 · 3 · 7 · 31,"2, 3, 7, 31","1, 2, 3, 6, 7, 14, 21, 31, 42, 62, 93, 186, 217, 434, 651, 1302",31,16
213,1303,"1, 1303",1303,1302,2 · 3 · 7 · 31,"2, 3, 7, 31","1, 2, 3, 6, 7, 14, 21, 31, 42, 62, 93, 186, 217, 434, 651, 1302",31,16,1304,2^3 · 163,"2, 163","1, 2, 4, 8, 163, 326, 652, 1304",163,8
214,1307,"1, 1307",1307,1306,2 · 653,"2, 653","1, 2, 653, 1306",653,4,1308,2^2 · 3 · 109,"2, 3, 109","1, 2, 3, 4, 6, 12, 109, 218, 327, 436, 654, 1308",109,12
215,1319,"1, 1319",1319,1318,2 · 659,"2, 659","1, 2, 659, 1318",659,4,1320,2^3 · 3 · 5 · 11,"2, 3, 5, 11","1, 2, 3, 4, 5, 6, 8, 10, 11, 12, 15, 20, 22, 24, 30, 33, 40, 44, 55, 60, 66, 88, 110, 120, 132, 165, 220, 264, 330, 440, 660, 1320",11,32
216,1321,"1, 1321",1321,1320,2^3 · 3 · 5 · 11,"2, 3, 5, 11","1, 2, 3, 4, 5, 6, 8, 10, 11, 12, 15, 20, 22, 24, 30, 33, 40, 44, 55, 60, 66, 88, 110, 120, 132, 165, 220, 264, 330, 440, 660, 1320",11,32,1322,2 · 661,"2, 661","1, 2, 661, 1322",661,4
217,1327,"1, 1327",1327,1326,2 · 3 · 13 · 17,"2, 3, 13, 17","1, 2, 3, 6, 13, 17, 26, 34, 39, 51, 78, 102, 221, 442, 663, 1326",17,16,1328,2^4 · 83,"2, 83","1, 2, 4, 8, 16, 83, 166, 332, 664, 1328",83,10
218,1361,"1, 1361",1361,1360,2^4 · 5 · 17,"2, 5, 17","1, 2, 4, 5, 8, 10, 16, 17, 20, 34, 40, 68, 80, 85, 136, 170, 272, 340, 680, 1360",17,20,1362,2 · 3 · 227,"2, 3, 227","1, 2, 3, 6, 227, 454, 681, 1362",227,8
219,1367,"1, 1367",1367,1366,2 · 683,"2, 683","1, 2, 683, 1366",683,4,1368,2^3 · 3^2 · 19,"2, 3, 19","1, 2, 3, 4, 6, 8, 9, 12, 18, 19, 24, 36, 38, 57, 72, 76, 114, 152, 171, 228, 342, 456, 684, 1368",19,24
220,1373,"1, 1373",1373,1372,2^2 · 7^3,"2, 7","1, 2, 4, 7, 14, 28, 49, 98, 196, 343, 686, 1372",7,12,1374,2 · 3 · 229,"2, 3, 229","1, 2, 3, 6, 229, 458, 687, 1374",229,8
221,1381,"1, 1381",1381,1380,2^2 · 3 · 5 · 23,"2, 3, 5, 23","1, 2, 3, 4, 5, 6, 10, 12, 15, 20, 23, 30, 46, 60, 69, 92, 115, 138, 230, 276, 345, 460, 690, 1380",23,24,1382,2 · 691,"2, 691","1, 2, 691, 1382",691,4
222,1399,"1, 1399",1399,1398,2 · 3 · 233,"2, 3, 233","1, 2, 3, 6, 233, 466, 699, 1398",233,8,1400,2^3 · 5^2 · 7,"2, 5, 7","1, 2, 4, 5, 7, 8, 10, 14, 20, 25, 28, 35, 40, 50, 56, 70, 100, 140, 175, 200, 280, 350, 700, 1400",7,24
223,1409,"1, 1409",1409,1408,2^7 · 11,"2, 11","1, 2, 4, 8, 11, 16, 22, 32, 44, 64, 88, 128, 176, 352, 704, 1408",11,16,1410,2 · 3 · 5 · 47,"2, 3, 5, 47","1, 2, 3, 5, 6, 10, 15, 30, 47, 94, 141, 235, 282, 470, 705, 1410",47,16
224,1423,"1, 1423",1423,1422,2 · 3^2 · 79,"2, 3, 79","1, 2, 3, 6, 9, 18, 79, 158, 237, 474, 711, 1422",79,12,1424,2^4 · 89,"2, 89","1, 2, 4, 8, 16, 89, 178, 356, 712, 1424",89,10
225,1427,"1, 1427",1427,1426,2 · 23 · 31,"2, 23, 31","1, 2, 23, 31, 46, 62, 713, 1426",31,8,1428,2^2 · 3 · 7 · 17,"2, 3, 7, 17","1, 2, 3, 4, 6, 7, 12, 14, 17, 21, 28, 34, 42, 51, 68, 84, 102, 119, 204, 238, 357, 476, 714, 1428",17,24
226,1429,"1, 1429",1429,1428,2^2 · 3 · 7 · 17,"2, 3, 7, 17","1, 2, 3, 4, 6, 7, 12, 14, 17, 21, 28, 34, 42, 51, 68, 84, 102, 119, 204, 238, 357, 476, 714, 1428",17,24,1430,2 · 5 · 11 · 13,"2, 5, 11, 13","1, 2, 5, 10, 11, 13, 22, 26, 55, 65, 110, 130, 143, 286, 715, 1430",13,16
227,1433,"1, 1433",1433,1432,2^3 · 179,"2, 179","1, 2, 4, 8, 179, 358, 716, 1432",179,8,1434,2 · 3 · 239,"2, 3, 239","1, 2, 3, 6, 239, 478, 717, 1434",239,8
228,1439,"1, 1439",1439,1438,2 · 719,"2, 719","1, 2, 719, 1438",719,4,1440,2^5 · 3^2 · 5,"2, 3, 5","1, 2, 3, 4, 5, 6, 8, 9, 10, 12, 15, 16, 18, 20, 24, 30, 32, 36, 40, 45, 48, 60, 72, 80, 90, 96, 120, 144, 160, 180, 240, 288, 360, 480, 720, 1440",5,36
229,1447,"1, 1447",1447,1446,2 · 3 · 241,"2, 3, 241","1, 2, 3, 6, 241, 482, 723, 1446",241,8,1448,2^3 · 181,"2, 181","1, 2, 4, 8, 181, 362, 724, 1448",181,8
230,1451,"1, 1451",1451,1450,2 · 5^2 · 29,"2, 5, 29","1, 2, 5, 10, 25, 29, 50, 58, 145, 290, 725, 1450",29,12,1452,2^2 · 3 · 11^2,"2, 3, 11","1, 2, 3, 4, 6, 11, 12, 22, 33, 44, 66, 121, 132, 242, 363, 484, 726, 1452",11,18
231,1453,"1, 1453",1453,1452,2^2 · 3 · 11^2,"2, 3, 11","1, 2, 3, 4, 6, 11, 12, 22, 33, 44, 66, 121, 132, 242, 363, 484, 726, 1452",11,18,1454,2 · 727,"2, 727","1, 2, 727, 1454",727,4
232,1459,"1, 1459",1459,1458,2 · 3^6,"2, 3","1, 2, 3, 6, 9, 18, 27, 54, 81, 162, 243, 486, 729, 1458",3,14,1460,2^2 · 5 · 73,"2, 5, 73","1, 2, 4, 5, 10, 20, 73, 146, 292, 365, 730, 1460",73,12
233,1471,"1, 1471",1471,1470,2 · 3 · 5 · 7^2,"2, 3, 5, 7","1, 2, 3, 5, 6, 7, 10, 14, 15, 21, 30, 35, 42, 49, 70, 98, 105, 147, 210, 245, 294, 490, 735, 1470",7,24,1472,2^6 · 23,"2, 23","1, 2, 4, 8, 16, 23, 32, 46, 64, 92, 184, 368, 736, 1472",23,14
234,1481,"1, 1481",1481,1480,2^3 · 5 · 37,"2, 5, 37","1, 2, 4, 5, 8, 10, 20, 37, 40, 74, 148, 185, 296, 370, 740, 1480",37,16,1482,2 · 3 · 13 · 19,"2, 3, 13, 19","1, 2, 3, 6, 13, 19, 26, 38, 39, 57, 78, 114, 247, 494, 741, 1482",19,16
235,1483,"1, 1483",1483,1482,2 · 3 · 13 · 19,"2, 3, 13, 19","1, 2, 3, 6, 13, 19, 26, 38, 39, 57, 78, 114, 247, 494, 741, 1482",19,16,1484,2^2 · 7 · 53,"2, 7, 53","1, 2, 4, 7, 14, 28, 53, 106, 212, 371, 742, 1484",53,12
236,1487,"1, 1487",1487,1486,2 · 743,"2, 743","1, 2, 743, 1486",743,4,1488,2^4 · 3 · 31,"2, 3, 31","1, 2, 3, 4, 6, 8, 12, 16, 24, 31, 48, 62, 93, 124, 186, 248, 372, 496, 744, 1488",31,20
237,1489,"1, 1489",1489,1488,2^4 · 3 · 31,"2, 3, 31","1, 2, 3, 4, 6, 8, 12, 16, 24, 31, 48, 62, 93, 124, 186, 248, 372, 496, 744, 1488",31,20,1490,2 · 5 · 149,"2, 5, 149","1, 2, 5, 10, 149, 298, 745, 1490",149,8
238,1493,"1, 1493",1493,1492,2^2 · 373,"2, 373","1, 2, 4, 373, 746, 1492",373,6,1494,2 · 3^2 · 83,"2, 3, 83","1, 2, 3, 6, 9, 18, 83, 166, 249, 498, 747, 1494",83,12
239,1499,"1, 1499",1499,1498,2 · 7 · 107,"2, 7, 107","1, 2, 7, 14, 107, 214, 749, 1498",107,8,1500,2^2 · 3 · 5^3,"2, 3, 5","1, 2, 3, 4, 5, 6, 10, 12, 15, 20, 25, 30, 50, 60, 75, 100, 125, 150, 250, 300, 375, 500, 750, 1500",5,24
240,1511,"1, 1511",1511,1510,2 · 5 · 151,"2, 5, 151","1, 2, 5, 10, 151, 302, 755, 1510",151,8,1512,2^3 · 3^3 · 7,"2, 3, 7","1, 2, 3, 4, 6, 7, 8, 9, 12, 14, 18, 21, 24, 27, 28, 36, 42, 54, 56, 63, 72, 84, 108, 126, 168, 189, 216, 252, 378, 504, 756, 1512",7,32
241,1523,"1, 1523",1523,1522,2 · 761,"2, 761","1, 2, 761, 1522",761,4,1524,2^2 · 3 · 127,"2, 3, 127","1, 2, 3, 4, 6, 12, 127, 254, 381, 508, 762, 1524",127,12
242,1531,"1, 1531",1531,1530,2 · 3^2 · 5 · 17,"2, 3, 5, 17","1, 2, 3, 5, 6, 9, 10, 15, 17, 18, 30, 34, 45, 51, 85, 90, 102, 153, 170, 255, 306, 510, 765, 1530",17,24,1532,2^2 · 383,"2, 383","1, 2, 4, 383, 766, 1532",383,6
243,1543,"1, 1543",1543,1542,2 · 3 · 257,"2, 3, 257","1, 2, 3, 6, 257, 514, 771, 1542",257,8,1544,2^3 · 193,"2, 193","1, 2, 4, 8, 193, 386, 772, 1544",193,8
244,1549,"1, 1549",1549,1548,2^2 · 3^2 · 43,"2, 3, 43","1, 2, 3, 4, 6, 9, 12, 18, 36, 43, 86, 129, 172, 258, 387, 516, 774, 1548",43,18,1550,2 · 5^2 · 31,"2, 5, 31","1, 2, 5, 10, 25, 31, 50, 62, 155, 310, 775, 1550",31,12
245,1553,"1, 1553",1553,1552,2^4 · 97,"2, 97","1, 2, 4, 8, 16, 97, 194, 388, 776, 1552",97,10,1554,2 · 3 · 7 · 37,"2, 3, 7, 37","1, 2, 3, 6, 7, 14, 21, 37, 42, 74, 111, 222, 259, 518, 777, 1554",37,16
246,1559,"1, 1559",1559,1558,2 · 19 · 41,"2, 19, 41","1, 2, 19, 38, 41, 82, 779, 1558",41,8,1560,2^3 · 3 · 5 · 13,"2, 3, 5, 13","1, 2, 3, 4, 5, 6, 8, 10, 12, 13, 15, 20, 24, 26, 30, 39, 40, 52, 60, 65, 78, 104, 120, 130, 156, 195, 260, 312, 390, 520, 780, 1560",13,32
247,1567,"1, 1567",1567,1566,2 · 3^3 · 29,"2, 3, 29","1, 2, 3, 6, 9, 18, 27, 29, 54, 58, 87, 174, 261, 522, 783, 1566",29,16,1568,2^5 · 7^2,"2, 7","1, 2, 4, 7, 8, 14, 16, 28, 32, 49, 56, 98, 112, 196, 224, 392, 784, 1568",7,18
248,1571,"1, 1571",1571,1570,2 · 5 · 157,"2, 5, 157","1, 2, 5, 10, 157, 314, 785, 1570",157,8,1572,2^2 · 3 · 131,"2, 3, 131","1, 2, 3, 4, 6, 12, 131, 262, 393, 524, 786, 1572",131,12
249,1579,"1, 1579",1579,1578,2 · 3 · 263,"2, 3, 263","1, 2, 3, 6, 263, 526, 789, 1578",263,8,1580,2^2 · 5 · 79,"2, 5, 79","1, 2, 4, 5, 10, 20, 79, 158, 316, 395, 790, 1580",79,12
250,1583,"1, 1583",1583,1582,2 · 7 · 113,"2, 7, 113","1, 2, 7, 14, 113, 226, 791, 1582",113,8,1584,2^4 · 3^2 · 11,"2, 3, 11","1, 2, 3, 4, 6, 8, 9, 11, 12, 16, 18, 22, 24, 33, 36, 44, 48, 66, 72, 88, 99, 132, 144, 176, 198, 264, 396, 528, 792, 1584",11,30
251,1597,"1, 1597",1597,1596,2^2 · 3 · 7 · 19,"2, 3, 7, 19","1, 2, 3, 4, 6, 7, 12, 14, 19, 21, 28, 38, 42, 57, 76, 84, 114, 133, 228, 266, 399, 532, 798, 1596",19,24,1598,2 · 17 · 47,"2, 17, 47","1, 2, 17, 34, 47, 94, 799, 1598",47,8
252,1601,"1, 1601",1601,1600,2^6 · 5^2,"2, 5","1, 2, 4, 5, 8, 10, 16, 20, 25, 32, 40, 50, 64, 80, 100, 160, 200, 320, 400, 800, 1600",5,21,1602,2 · 3^2 · 89,"2, 3, 89","1, 2, 3, 6, 9, 18, 89, 178, 267, 534, 801, 1602",89,12
253,1607,"1, 1607",1607,1606,2 · 11 · 73,"2, 11, 73","1, 2, 11, 22, 73, 146, 803, 1606",73,8,1608,2^3 · 3 · 67,"2, 3, 67","1, 2, 3, 4, 6, 8, 12, 24, 67, 134, 201, 268, 402, 536, 804, 1608",67,16
254,1609,"1, 1609",1609,1608,2^3 · 3 · 67,"2, 3, 67","1, 2, 3, 4, 6, 8, 12, 24, 67, 134, 201, 268, 402, 536, 804, 1608",67,16,1610,2 · 5 · 7 · 23,"2, 5, 7, 23","1, 2, 5, 7, 10, 14, 23, 35, 46, 70, 115, 161, 230, 322, 805, 1610",23,16
255,1613,"1, 1613",1613,1612,2^2 · 13 · 31,"2, 13, 31","1, 2, 4, 13, 26, 31, 52, 62, 124, 403, 806, 1612",31,12,1614,2 · 3 · 269,"2, 3, 269","1, 2, 3, 6, 269, 538, 807, 1614",269,8
256,1619,"1, 1619",1619,1618,2 · 809,"2, 809","1, 2, 809, 1618",809,4,1620,2^2 · 3^4 · 5,"2, 3, 5","1, 2, 3, 4, 5, 6, 9, 10, 12, 15, 18, 20, 27, 30, 36, 45, 54, 60, 81, 90, 108, 135, 162, 180, 270, 324, 405, 540, 810, 1620",5,30
257,1621,"1, 1621",1621,1620,2^2 · 3^4 · 5,"2, 3, 5","1, 2, 3, 4, 5, 6, 9, 10, 12, 15, 18, 20, 27, 30, 36, 45, 54, 60, 81, 90, 108, 135, 162, 180, 270, 324, 405, 540, 810, 1620",5,30,1622,2 · 811,"2, 811","1, 2, 811, 1622",811,4
258,1627,"1, 1627",1627,1626,2 · 3 · 271,"2, 3, 271","1, 2, 3, 6, 271, 542, 813, 1626",271,8,1628,2^2 · 11 · 37,"2, 11, 37","1, 2, 4, 11, 22, 37, 44, 74, 148, 407, 814, 1628",37,12
259,1637,"1, 1637",1637,1636,2^2 · 409,"2, 409","1, 2, 4, 409, 818, 1636",409,6,1638,2 · 3^2 · 7 · 13,"2, 3, 7, 13","1, 2, 3, 6, 7, 9, 13, 14, 18, 21, 26, 39, 42, 63, 78, 91, 117, 126, 182, 234, 273, 546, 819, 1638",13,24
260,1657,"1, 1657",1657,1656,2^3 · 3^2 · 23,"2, 3, 23","1, 2, 3, 4, 6, 8, 9, 12, 18, 23, 24, 36, 46, 69, 72, 92, 138, 184, 207, 276, 414, 552, 828, 1656",23,24,1658,2 · 829,"2, 829","1, 2, 829, 1658",829,4
261,1663,"1, 1663",1663,1662,2 · 3 · 277,"2, 3, 277","1, 2, 3, 6, 277, 554, 831, 1662",277,8,1664,2^7 · 13,"2, 13","1, 2, 4, 8, 13, 16, 26, 32, 52, 64, 104, 128, 208, 416, 832, 1664",13,16
262,1667,"1, 1667",1667,1666,2 · 7^2 · 17,"2, 7, 17","1, 2, 7, 14, 17, 34, 49, 98, 119, 238, 833, 1666",17,12,1668,2^2 · 3 · 139,"2, 3, 139","1, 2, 3, 4, 6, 12, 139, 278, 417, 556, 834, 1668",139,12
263,1669,"1, 1669",1669,1668,2^2 · 3 · 139,"2, 3, 139","1, 2, 3, 4, 6, 12, 139, 278, 417, 556, 834, 1668",139,12,1670,2 · 5 · 167,"2, 5, 167","1, 2, 5, 10, 167, 334, 835, 1670",167,8
264,1693,"1, 1693",1693,1692,2^2 · 3^2 · 47,"2, 3, 47","1, 2, 3, 4, 6, 9, 12, 18, 36, 47, 94, 141, 188, 282, 423, 564, 846, 1692",47,18,1694,2 · 7 · 11^2,"2, 7, 11","1, 2, 7, 11, 14, 22, 77, 121, 154, 242, 847, 1694",11,12
265,1697,"1, 1697",1697,1696,2^5 · 53,"2, 53","1, 2, 4, 8, 16, 32, 53, 106, 212, 424, 848, 1696",53,12,1698,2 · 3 · 283,"2, 3, 283","1, 2, 3, 6, 283, 566, 849, 1698",283,8
266,1699,"1, 1699",1699,1698,2 · 3 · 283,"2, 3, 283","1, 2, 3, 6, 283, 566, 849, 1698",283,8,1700,2^2 · 5^2 · 17,"2, 5, 17","1, 2, 4, 5, 10, 17, 20, 25, 34, 50, 68, 85, 100, 170, 340, 425, 850, 1700",17,18
267,1709,"1, 1709",1709,1708,2^2 · 7 · 61,"2, 7, 61","1, 2, 4, 7, 14, 28, 61, 122, 244, 427, 854, 1708",61,12,1710,2 · 3^2 · 5 · 19,"2, 3, 5, 19","1, 2, 3, 5, 6, 9, 10, 15, 18, 19, 30, 38, 45, 57, 90, 95, 114, 171, 190, 285, 342, 570, 855, 1710",19,24
268,1721,"1, 1721",1721,1720,2^3 · 5 · 43,"2, 5, 43","1, 2, 4, 5, 8, 10, 20, 40, 43, 86, 172, 215, 344, 430, 860, 1720",43,16,1722,2 · 3 · 7 · 41,"2, 3, 7, 41","1, 2, 3, 6, 7, 14, 21, 41, 42, 82, 123, 246, 287, 574, 861, 1722",41,16
269,1723,"1, 1723",1723,1722,2 · 3 · 7 · 41,"2, 3, 7, 41","1, 2, 3, 6, 7, 14, 21, 41, 42, 82, 123, 246, 287, 574, 861, 1722",41,16,1724,2^2 · 431,"2, 431","1, 2, 4, 431, 862, 1724",431,6
270,1733,"1, 1733",1733,1732,2^2 · 433,"2, 433","1, 2, 4, 433, 866, 1732",433,6,1734,2 · 3 · 17^2,"2, 3, 17","1, 2, 3, 6, 17, 34, 51, 102, 289, 578, 867, 1734",17,12
271,1741,"1, 1741",1741,1740,2^2 · 3 · 5 · 29,"2, 3, 5, 29","1, 2, 3, 4, 5, 6, 10, 12, 15, 20, 29, 30, 58, 60, 87, 116, 145, 174, 290, 348, 435, 580, 870, 1740",29,24,1742,2 · 13 · 67,"2, 13, 67","1, 2, 13, 26, 67, 134, 871, 1742",67,8
272,1747,"1, 1747",1747,1746,2 · 3^2 · 97,"2, 3, 97","1, 2, 3, 6, 9, 18, 97, 194, 291, 582, 873, 1746",97,12,1748,2^2 · 19 · 23,"2, 19, 23","1, 2, 4, 19, 23, 38, 46, 76, 92, 437, 874, 1748",23,12
273,1753,"1, 1753",1753,1752,2^3 · 3 · 73,"2, 3, 73","1, 2, 3, 4, 6, 8, 12, 24, 73, 146, 219, 292, 438, 584, 876, 1752",73,16,1754,2 · 877,"2, 877","1, 2, 877, 1754",877,4
274,1759,"1, 1759",1759,1758,2 · 3 · 293,"2, 3, 293","1, 2, 3, 6, 293, 586, 879, 1758",293,8,1760,2^5 · 5 · 11,"2, 5, 11","1, 2, 4, 5, 8, 10, 11, 16, 20, 22, 32, 40, 44, 55, 80, 88, 110, 160, 176, 220, 352, 440, 880, 1760",11,24
275,1777,"1, 1777",1777,1776,2^4 · 3 · 37,"2, 3, 37","1, 2, 3, 4, 6, 8, 12, 16, 24, 37, 48, 74, 111, 148, 222, 296, 444, 592, 888, 1776",37,20,1778,2 · 7 · 127,"2, 7, 127","1, 2, 7, 14, 127, 254, 889, 1778",127,8
276,1783,"1, 1783",1783,1782,2 · 3^4 · 11,"2, 3, 11","1, 2, 3, 6, 9, 11, 18, 22, 27, 33, 54, 66, 81, 99, 162, 198, 297, 594, 891, 1782",11,20,1784,2^3 · 223,"2, 223","1, 2, 4, 8, 223, 446, 892, 1784",223,8
277,1787,"1, 1787",1787,1786,2 · 19 · 47,"2, 19, 47","1, 2, 19, 38, 47, 94, 893, 1786",47,8,1788,2^2 · 3 · 149,"2, 3, 149","1, 2, 3, 4, 6, 12, 149, 298, 447, 596, 894, 1788",149,12
278,1789,"1, 1789",1789,1788,2^2 · 3 · 149,"2, 3, 149","1, 2, 3, 4, 6, 12, 149, 298, 447, 596, 894, 1788",149,12,1790,2 · 5 · 179,"2, 5, 179","1, 2, 5, 10, 179, 358, 895, 1790",179,8
279,1801,"1, 1801",1801,1800,2^3 · 3^2 · 5^2,"2, 3, 5","1, 2, 3, 4, 5, 6, 8, 9, 10, 12, 15, 18, 20, 24, 25, 30, 36, 40, 45, 50, 60, 72, 75, 90, 100, 120, 150, 180, 200, 225, 300, 360, 450, 600, 900, 1800",5,36,1802,2 · 17 · 53,"2, 17, 53","1, 2, 17, 34, 53, 106, 901, 1802",53,8
280,1811,"1, 1811",1811,1810,2 · 5 · 181,"2, 5, 181","1, 2, 5, 10, 181, 362, 905, 1810",181,8,1812,2^2 · 3 · 151,"2, 3, 151","1, 2, 3, 4, 6, 12, 151, 302, 453, 604, 906, 1812",151,12
281,1823,"1, 1823",1823,1822,2 · 911,"2, 911","1, 2, 911, 1822",911,4,1824,2^5 · 3 · 19,"2, 3, 19","1, 2, 3, 4, 6, 8, 12, 16, 19, 24, 32, 38, 48, 57, 76, 96, 114, 152, 228, 304, 456, 608, 912, 1824",19,24
282,1831,"1, 1831",1831,1830,2 · 3 · 5 · 61,"2, 3, 5, 61","1, 2, 3, 5, 6, 10, 15, 30, 61, 122, 183, 305, 366, 610, 915, 1830",61,16,1832,2^3 · 229,"2, 229","1, 2, 4, 8, 229, 458, 916, 1832",229,8
283,1847,"1, 1847",1847,1846,2 · 13 · 71,"2, 13, 71","1, 2, 13, 26, 71, 142, 923, 1846",71,8,1848,2^3 · 3 · 7 · 11,"2, 3, 7, 11","1, 2, 3, 4, 6, 7, 8, 11, 12, 14, 21, 22, 24, 28, 33, 42, 44, 56, 66, 77, 84, 88, 132, 154, 168, 231, 264, 308, 462, 616, 924, 1848",11,32
284,1861,"1, 1861",1861,1860,2^2 · 3 · 5 · 31,"2, 3, 5, 31","1, 2, 3, 4, 5, 6, 10, 12, 15, 20, 30, 31, 60, 62, 93, 124, 155, 186, 310, 372, 465, 620, 930, 1860",31,24,1862,2 · 7^2 · 19,"2, 7, 19","1, 2, 7, 14, 19, 38, 49, 98, 133, 266, 931, 1862",19,12
285,1867,"1, 1867",1867,1866,2 · 3 · 311,"2, 3, 311","1, 2, 3, 6, 311, 622, 933, 1866",311,8,1868,2^2 · 467,"2, 467","1, 2, 4, 467, 934, 1868",467,6
286,1871,"1, 1871",1871,1870,2 · 5 · 11 · 17,"2, 5, 11, 17","1, 2, 5, 10, 11, 17, 22, 34, 55, 85, 110, 170, 187, 374, 935, 1870",17,16,1872,2^4 · 3^2 · 13,"2, 3, 13","1, 2, 3, 4, 6, 8, 9, 12, 13, 16, 18, 24, 26, 36, 39, 48, 52, 72, 78, 104, 117, 144, 156, 208, 234, 312, 468, 624, 936, 1872",13,30
287,1873,"1, 1873",1873,1872,2^4 · 3^2 · 13,"2, 3, 13","1, 2, 3, 4, 6, 8, 9, 12, 13, 16, 18, 24, 26, 36, 39, 48, 52, 72, 78, 104, 117, 144, 156, 208, 234, 312, 468, 624, 936, 1872",13,30,1874,2 · 937,"2, 937","1, 2, 937, 1874",937,4
288,1877,"1, 1877",1877,1876,2^2 · 7 · 67,"2, 7, 67","1, 2, 4, 7, 14, 28, 67, 134, 268, 469, 938, 1876",67,12,1878,2 · 3 · 313,"2, 3, 313","1, 2, 3, 6, 313, 626, 939, 1878",313,8
289,1879,"1, 1879",1879,1878,2 · 3 · 313,"2, 3, 313","1, 2, 3, 6, 313, 626, 939, 1878",313,8,1880,2^3 · 5 · 47,"2, 5, 47","1, 2, 4, 5, 8, 10, 20, 40, 47, 94, 188, 235, 376, 470, 940, 1880",47,16
290,1889,"1, 1889",1889,1888,2^5 · 59,"2, 59","1, 2, 4, 8, 16, 32, 59, 118, 236, 472, 944, 1888",59,12,1890,2 · 3^3 · 5 · 7,"2, 3, 5, 7","1, 2, 3, 5, 6, 7, 9, 10, 14, 15, 18, 21, 27, 30, 35, 42, 45, 54, 63, 70, 90, 105, 126, 135, 189, 210, 270, 315, 378, 630, 945, 1890",7,32
291,1901,"1, 1901",1901,1900,2^2 · 5^2 · 19,"2, 5, 19","1, 2, 4, 5, 10, 19, 20, 25, 38, 50, 76, 95, 100, 190, 380, 475, 950, 1900",19,18,1902,2 · 3 · 317,"2, 3, 317","1, 2, 3, 6, 317, 634, 951, 1902",317,8
292,1907,"1, 1907",1907,1906,2 · 953,"2, 953","1, 2, 953, 1906",953,4,1908,2^2 · 3^2 · 53,"2, 3, 53","1, 2, 3, 4, 6, 9, 12, 18, 36, 53, 106, 159, 212, 318, 477, 636, 954, 1908",53,18
293,1913,"1, 1913",1913,1912,2^3 · 239,"2, 239","1, 2, 4, 8, 239, 478, 956, 1912",239,8,1914,2 · 3 · 11 · 29,"2, 3, 11, 29","1, 2, 3, 6, 11, 22, 29, 33, 58, 66, 87, 174, 319, 638, 957, 1914",29,16
294,1931,"1, 1931",1931,1930,2 · 5 · 193,"2, 5, 193","1, 2, 5, 10, 193, 386, 965, 1930",193,8,1932,2^2 · 3 · 7 · 23,"2, 3, 7, 23","1, 2, 3, 4, 6, 7, 12, 14, 21, 23, 28, 42, 46, 69, 84, 92, 138, 161, 276, 322, 483, 644, 966, 1932",23,24
295,1933,"1, 1933",1933,1932,2^2 · 3 · 7 · 23,"2, 3, 7, 23","1, 2, 3, 4, 6, 7, 12, 14, 21, 23, 28, 42, 46, 69, 84, 92, 138, 161, 276, 322, 483, 644, 966, 1932",23,24,1934,2 · 967,"2, 967","1, 2, 967, 1934",967,4
296,1949,"1, 1949",1949,1948,2^2 · 487,"2, 487","1, 2, 4, 487, 974, 1948",487,6,1950,2 · 3 · 5^2 · 13,"2, 3, 5, 13","1, 2, 3, 5, 6, 10, 13, 15, 25, 26, 30, 39, 50, 65, 75, 78, 130, 150, 195, 325, 390, 650, 975, 1950",13,24
297,1951,"1, 1951",1951,1950,2 · 3 · 5^2 · 13,"2, 3, 5, 13","1, 2, 3, 5, 6, 10, 13, 15, 25, 26, 30, 39, 50, 65, 75, 78, 130, 150, 195, 325, 390, 650, 975, 1950",13,24,1952,2^5 · 61,"2, 61","1, 2, 4, 8, 16, 32, 61, 122, 244, 488, 976, 1952",61,12
298,1973,"1, 1973",1973,1972,2^2 · 17 · 29,"2, 17, 29","1, 2, 4, 17, 29, 34, 58, 68, 116, 493, 986, 1972",29,12,1974,2 · 3 · 7 · 47,"2, 3, 7, 47","1, 2, 3, 6, 7, 14, 21, 42, 47, 94, 141, 282, 329, 658, 987, 1974",47,16
299,1979,"1, 1979",1979,1978,2 · 23 · 43,"2, 23, 43","1, 2, 23, 43, 46, 86, 989, 1978",43,8,1980,2^2 · 3^2 · 5 · 11,"2, 3, 5, 11","1, 2, 3, 4, 5, 6, 9, 10, 11, 12, 15, 18, 20, 22, 30, 33, 36, 44, 45, 55, 60, 66, 90, 99, 110, 132, 165, 180, 198, 220, 330, 396, 495, 660, 990, 1980",11,36
300,1987,"1, 1987",1987,1986,2 · 3 · 331,"2, 3, 331","1, 2, 3, 6, 331, 662, 993, 1986",331,8,1988,2^2 · 7 · 71,"2, 7, 71","1, 2, 4, 7, 14, 28, 71, 142, 284, 497, 994, 1988",71,12
301,1993,"1, 1993",1993,1992,2^3 · 3 · 83,"2, 3, 83","1, 2, 3, 4, 6, 8, 12, 24, 83, 166, 249, 332, 498, 664, 996, 1992",83,16,1994,2 · 997,"2, 997","1, 2, 997, 1994",997,4
302,1997,"1, 1997",1997,1996,2^2 · 499,"2, 499","1, 2, 4, 499, 998, 1996",499,6,1998,2 · 3^3 · 37,"2, 3, 37","1, 2, 3, 6, 9, 18, 27, 37, 54, 74, 111, 222, 333, 666, 999, 1998",37,16
303,1999,"1, 1999",1999,1998,2 · 3^3 · 37,"2, 3, 37","1, 2, 3, 6, 9, 18, 27, 37, 54, 74, 111, 222, 333, 666, 999, 1998",37,16,2000,2^4 · 5^3,"2, 5","1, 2, 4, 5, 8, 10, 16, 20, 25, 40, 50, 80, 100, 125, 200, 250, 400, 500, 1000, 2000",5,20
304,2003,"1, 2003",2003,2002,2 · 7 · 11 · 13,"2, 7, 11, 13","1, 2, 7, 11, 13, 14, 22, 26, 77, 91, 143, 154, 182, 286, 1001, 2002",13,16,2004,2^2 · 3 · 167,"2, 3, 167","1, 2, 3, 4, 6, 12, 167, 334, 501, 668, 1002, 2004",167,12
305,2011,"1, 2011",2011,2010,2 · 3 · 5 · 67,"2, 3, 5, 67","1, 2, 3, 5, 6, 10, 15, 30, 67, 134, 201, 335, 402, 670, 1005, 2010",67,16,2012,2^2 · 503,"2, 503","1, 2, 4, 503, 1006, 2012",503,6
306,2017,"1, 2017",2017,2016,2^5 · 3^2 · 7,"2, 3, 7","1, 2, 3, 4, 6, 7, 8, 9, 12, 14, 16, 18, 21, 24, 28, 32, 36, 42, 48, 56, 63, 72, 84, 96, 112, 126, 144, 168, 224, 252, 288, 336, 504, 672, 1008, 2016",7,36,2018,2 · 1009,"2, 1009","1, 2, 1009, 2018",1009,4
307,2027,"1, 2027",2027,2026,2 · 1013,"2, 1013","1, 2, 1013, 2026",1013,4,2028,2^2 · 3 · 13^2,"2, 3, 13","1, 2, 3, 4, 6, 12, 13, 26, 39, 52, 78, 156, 169, 338, 507, 676, 1014, 2028",13,18
308,2029,"1, 2029",2029,2028,2^2 · 3 · 13^2,"2, 3, 13","1, 2, 3, 4, 6, 12, 13, 26, 39, 52, 78, 156, 169, 338, 507, 676, 1014, 2028",13,18,2030,2 · 5 · 7 · 29,"2, 5, 7, 29","1, 2, 5, 7, 10, 14, 29, 35, 58, 70, 145, 203, 290, 406, 1015, 2030",29,16
309,2039,"1, 2039",2039,2038,2 · 1019,"2, 1019","1, 2, 1019, 2038",1019,4,2040,2^3 · 3 · 5 · 17,"2, 3, 5, 17","1, 2, 3, 4, 5, 6, 8, 10, 12, 15, 17, 20, 24, 30, 34, 40, 51, 60, 68, 85, 102, 120, 136, 170, 204, 255, 340, 408, 510, 680, 1020, 2040",17,32
310,2053,"1, 2053",2053,2052,2^2 · 3^3 · 19,"2, 3, 19","1, 2, 3, 4, 6, 9, 12, 18, 19, 27, 36, 38, 54, 57, 76, 108, 114, 171, 228, 342, 513, 684, 1026, 2052",19,24,2054,2 · 13 · 79,"2, 13, 79","1, 2, 13, 26, 79, 158, 1027, 2054",79,8
311,2063,"1, 2063",2063,2062,2 · 1031,"2, 1031","1, 2, 1031, 2062",1031,4,2064,2^4 · 3 · 43,"2, 3, 43","1, 2, 3, 4, 6, 8, 12, 16, 24, 43, 48, 86, 129, 172, 258, 344, 516, 688, 1032, 2064",43,20
312,2069,"1, 2069",2069,2068,2^2 · 11 · 47,"2, 11, 47","1, 2, 4, 11, 22, 44, 47, 94, 188, 517, 1034, 2068",47,12,2070,2 · 3^2 · 5 · 23,"2, 3, 5, 23","1, 2, 3, 5, 6, 9, 10, 15, 18, 23, 30, 45, 46, 69, 90, 115, 138, 207, 230, 345, 414, 690, 1035, 2070",23,24
313,2081,"1, 2081",2081,2080,2^5 · 5 · 13,"2, 5, 13","1, 2, 4, 5, 8, 10, 13, 16, 20, 26, 32, 40, 52, 65, 80, 104, 130, 160, 208, 260, 416, 520, 1040, 2080",13,24,2082,2 · 3 · 347,"2, 3, 347","1, 2, 3, 6, 347, 694, 1041, 2082",347,8
314,2083,"1, 2083",2083,2082,2 · 3 · 347,"2, 3, 347","1, 2, 3, 6, 347, 694, 1041, 2082",347,8,2084,2^2 · 521,"2, 521","1, 2, 4, 521, 1042, 2084",521,6
315,2087,"1, 2087",2087,2086,2 · 7 · 149,"2, 7, 149","1, 2, 7, 14, 149, 298, 1043, 2086",149,8,2088,2^3 · 3^2 · 29,"2, 3, 29","1, 2, 3, 4, 6, 8, 9, 12, 18, 24, 29, 36, 58, 72, 87, 116, 174, 232, 261, 348, 522, 696, 1044, 2088",29,24
316,2089,"1, 2089",2089,2088,2^3 · 3^2 · 29,"2, 3, 29","1, 2, 3, 4, 6, 8, 9, 12, 18, 24, 29, 36, 58, 72, 87, 116, 174, 232, 261, 348, 522, 696, 1044, 2088",29,24,2090,2 · 5 · 11 · 19,"2, 5, 11, 19","1, 2, 5, 10, 11, 19, 22, 38, 55, 95, 110, 190, 209, 418, 1045, 2090",19,16
317,2099,"1, 2099",2099,2098,2 · 1049,"2, 1049","1, 2, 1049, 2098",1049,4,2100,2^2 · 3 · 5^2 · 7,"2, 3, 5, 7","1, 2, 3, 4, 5, 6, 7, 10, 12, 14, 15, 20, 21, 25, 28, 30, 35, 42, 50, 60, 70, 75, 84, 100, 105, 140, 150, 175, 210, 300, 350, 420, 525, 700, 1050, 2100",7,36
318,2111,"1, 2111",2111,2110,2 · 5 · 211,"2, 5, 211","1, 2, 5, 10, 211, 422, 1055, 2110",211,8,2112,2^6 · 3 · 11,"2, 3, 11","1, 2, 3, 4, 6, 8, 11, 12, 16, 22, 24, 32, 33, 44, 48, 64, 66, 88, 96, 132, 176, 192, 264, 352, 528, 704, 1056, 2112",11,28
319,2113,"1, 2113",2113,2112,2^6 · 3 · 11,"2, 3, 11","1, 2, 3, 4, 6, 8, 11, 12, 16, 22, 24, 32, 33, 44, 48, 64, 66, 88, 96, 132, 176, 192, 264, 352, 528, 704, 1056, 2112",11,28,2114,2 · 7 · 151,"2, 7, 151","1, 2, 7, 14, 151, 302, 1057, 2114",151,8
320,2129,"1, 2129",2129,2128,2^4 · 7 · 19,"2, 7, 19","1, 2, 4, 7, 8, 14, 16, 19, 28, 38, 56, 76, 112, 133, 152, 266, 304, 532, 1064, 2128",19,20,2130,2 · 3 · 5 · 71,"2, 3, 5, 71","1, 2, 3, 5, 6, 10, 15, 30, 71, 142, 213, 355, 426, 710, 1065, 2130",71,16
321,2131,"1, 2131",2131,2130,2 · 3 · 5 · 71,"2, 3, 5, 71","1, 2, 3, 5, 6, 10, 15, 30, 71, 142, 213, 355, 426, 710, 1065, 2130",71,16,2132,2^2 · 13 · 41,"2, 13, 41","1, 2, 4, 13, 26, 41, 52, 82, 164, 533, 1066, 2132",41,12
322,2137,"1, 2137",2137,2136,2^3 · 3 · 89,"2, 3, 89","1, 2, 3, 4, 6, 8, 12, 24, 89, 178, 267, 356, 534, 712, 1068, 2136",89,16,2138,2 · 1069,"2, 1069","1, 2, 1069, 2138",1069,4
323,2141,"1, 2141",2141,2140,2^2 · 5 · 107,"2, 5, 107","1, 2, 4, 5, 10, 20, 107, 214, 428, 535, 1070, 2140",107,12,2142,2 · 3^2 · 7 · 17,"2, 3, 7, 17","1, 2, 3, 6, 7, 9, 14, 17, 18, 21, 34, 42, 51, 63, 102, 119, 126, 153, 238, 306, 357, 714, 1071, 2142",17,24
324,2143,"1, 2143",2143,2142,2 · 3^2 · 7 · 17,"2, 3, 7, 17","1, 2, 3, 6, 7, 9, 14, 17, 18, 21, 34, 42, 51, 63, 102, 119, 126, 153, 238, 306, 357, 714, 1071, 2142",17,24,2144,2^5 · 67,"2, 67","1, 2, 4, 8, 16, 32, 67, 134, 268, 536, 1072, 2144",67,12
325,2153,"1, 2153",2153,2152,2^3 · 269,"2, 269","1, 2, 4, 8, 269, 538, 1076, 2152",269,8,2154,2 · 3 · 359,"2, 3, 359","1, 2, 3, 6, 359, 718, 1077, 2154",359,8
326,2161,"1, 2161",2161,2160,2^4 · 3^3 · 5,"2, 3, 5","1, 2, 3, 4, 5, 6, 8, 9, 10, 12, 15, 16, 18, 20, 24, 27, 30, 36, 40, 45, 48, 54, 60, 72, 80, 90, 108, 120, 135, 144, 180, 216, 240, 270, 360, 432, 540, 720, 1080, 2160",5,40,2162,2 · 23 · 47,"2, 23, 47","1, 2, 23, 46, 47, 94, 1081, 2162",47,8
327,2179,"1, 2179",2179,2178,2 · 3^2 · 11^2,"2, 3, 11","1, 2, 3, 6, 9, 11, 18, 22, 33, 66, 99, 121, 198, 242, 363, 726, 1089, 2178",11,18,2180,2^2 · 5 · 109,"2, 5, 109","1, 2, 4, 5, 10, 20, 109, 218, 436, 545, 1090, 2180",109,12
328,2203,"1, 2203",2203,2202,2 · 3 · 367,"2, 3, 367","1, 2, 3, 6, 367, 734, 1101, 2202",367,8,2204,2^2 · 19 · 29,"2, 19, 29","1, 2, 4, 19, 29, 38, 58, 76, 116, 551, 1102, 2204",29,12
329,2207,"1, 2207",2207,2206,2 · 1103,"2, 1103","1, 2, 1103, 2206",1103,4,2208,2^5 · 3 · 23,"2, 3, 23","1, 2, 3, 4, 6, 8, 12, 16, 23, 24, 32, 46, 48, 69, 92, 96, 138, 184, 276, 368, 552, 736, 1104, 2208",23,24
330,2213,"1, 2213",2213,2212,2^2 · 7 · 79,"2, 7, 79","1, 2, 4, 7, 14, 28, 79, 158, 316, 553, 1106, 2212",79,12,2214,2 · 3^3 · 41,"2, 3, 41","1, 2, 3, 6, 9, 18, 27, 41, 54, 82, 123, 246, 369, 738, 1107, 2214",41,16
331,2221,"1, 2221",2221,2220,2^2 · 3 · 5 · 37,"2, 3, 5, 37","1, 2, 3, 4, 5, 6, 10, 12, 15, 20, 30, 37, 60, 74, 111, 148, 185, 222, 370, 444, 555, 740, 1110, 2220",37,24,2222,2 · 11 · 101,"2, 11, 101","1, 2, 11, 22, 101, 202, 1111, 2222",101,8
332,2237,"1, 2237",2237,2236,2^2 · 13 · 43,"2, 13, 43","1, 2, 4, 13, 26, 43, 52, 86, 172, 559, 1118, 2236",43,12,2238,2 · 3 · 373,"2, 3, 373","1, 2, 3, 6, 373, 746, 1119, 2238",373,8
333,2239,"1, 2239",2239,2238,2 · 3 · 373,"2, 3, 373","1, 2, 3, 6, 373, 746, 1119, 2238",373,8,2240,2^6 · 5 · 7,"2, 5, 7","1, 2, 4, 5, 7, 8, 10, 14, 16, 20, 28, 32, 35, 40, 56, 64, 70, 80, 112, 140, 160, 224, 280, 320, 448, 560, 1120, 2240",7,28
334,2243,"1, 2243",2243,2242,2 · 19 · 59,"2, 19, 59","1, 2, 19, 38, 59, 118, 1121, 2242",59,8,2244,2^2 · 3 · 11 · 17,"2, 3, 11, 17","1, 2, 3, 4, 6, 11, 12, 17, 22, 33, 34, 44, 51, 66, 68, 102, 132, 187, 204, 374, 561, 748, 1122, 2244",17,24
335,2251,"1, 2251",2251,2250,2 · 3^2 · 5^3,"2, 3, 5","1, 2, 3, 5, 6, 9, 10, 15, 18, 25, 30, 45, 50, 75, 90, 125, 150, 225, 250, 375, 450, 750, 1125, 2250",5,24,2252,2^2 · 563,"2, 563","1, 2, 4, 563, 1126, 2252",563,6
336,2267,"1, 2267",2267,2266,2 · 11 · 103,"2, 11, 103","1, 2, 11, 22, 103, 206, 1133, 2266",103,8,2268,2^2 · 3^4 · 7,"2, 3, 7","1, 2, 3, 4, 6, 7, 9, 12, 14, 18, 21, 27, 28, 36, 42, 54, 63, 81, 84, 108, 126, 162, 189, 252, 324, 378, 567, 756, 1134, 2268",7,30
337,2269,"1, 2269",2269,2268,2^2 · 3^4 · 7,"2, 3, 7","1, 2, 3, 4, 6, 7, 9, 12, 14, 18, 21, 27, 28, 36, 42, 54, 63, 81, 84, 108, 126, 162, 189, 252, 324, 378, 567, 756, 1134, 2268",7,30,2270,2 · 5 · 227,"2, 5, 227","1, 2, 5, 10, 227, 454, 1135, 2270",227,8
338,2273,"1, 2273",2273,2272,2^5 · 71,"2, 71","1, 2, 4, 8, 16, 32, 71, 142, 284, 568, 1136, 2272",71,12,2274,2 · 3 · 379,"2, 3, 379","1, 2, 3, 6, 379, 758, 1137, 2274",379,8
339,2281,"1, 2281",2281,2280,2^3 · 3 · 5 · 19,"2, 3, 5, 19","1, 2, 3, 4, 5, 6, 8, 10, 12, 15, 19, 20, 24, 30, 38, 40, 57, 60, 76, 95, 114, 120, 152, 190, 228, 285, 380, 456, 570, 760, 1140, 2280",19,32,2282,2 · 7 · 163,"2, 7, 163","1, 2, 7, 14, 163, 326, 1141, 2282",163,8
340,2287,"1, 2287",2287,2286,2 · 3^2 · 127,"2, 3, 127","1, 2, 3, 6, 9, 18, 127, 254, 381, 762, 1143, 2286",127,12,2288,2^4 · 11 · 13,"2, 11, 13","1, 2, 4, 8, 11, 13, 16, 22, 26, 44, 52, 88, 104, 143, 176, 208, 286, 572, 1144, 2288",13,20
341,2293,"1, 2293",2293,2292,2^2 · 3 · 191,"2, 3, 191","1, 2, 3, 4, 6, 12, 191, 382, 573, 764, 1146, 2292",191,12,2294,2 · 31 · 37,"2, 31, 37","1, 2, 31, 37, 62, 74, 1147, 2294",37,8
342,2297,"1, 2297",2297,2296,2^3 · 7 · 41,"2, 7, 41","1, 2, 4, 7, 8, 14, 28, 41, 56, 82, 164, 287, 328, 574, 1148, 2296",41,16,2298,2 · 3 · 383,"2, 3, 383","1, 2, 3, 6, 383, 766, 1149, 2298",383,8
343,2309,"1, 2309",2309,2308,2^2 · 577,"2, 577","1, 2, 4, 577, 1154, 2308",577,6,2310,2 · 3 · 5 · 7 · 11,"2, 3, 5, 7, 11","1, 2, 3, 5, 6, 7, 10, 11, 14, 15, 21, 22, 30, 33, 35, 42, 55, 66, 70, 77, 105, 110, 154, 165, 210, 231, 330, 385, 462, 770, 1155, 2310",11,32
344,2311,"1, 2311",2311,2310,2 · 3 · 5 · 7 · 11,"2, 3, 5, 7, 11","1, 2, 3, 5, 6, 7, 10, 11, 14, 15, 21, 22, 30, 33, 35, 42, 55, 66, 70, 77, 105, 110, 154, 165, 210, 231, 330, 385, 462, 770, 1155, 2310",11,32,2312,2^3 · 17^2,"2, 17","1, 2, 4, 8, 17, 34, 68, 136, 289, 578, 1156, 2312",17,12
345,2333,"1, 2333",2333,2332,2^2 · 11 · 53,"2, 11, 53","1, 2, 4, 11, 22, 44, 53, 106, 212, 583, 1166, 2332",53,12,2334,2 · 3 · 389,"2, 3, 389","1, 2, 3, 6, 389, 778, 1167, 2334",389,8
346,2339,"1, 2339",2339,2338,2 · 7 · 167,"2, 7, 167","1, 2, 7, 14, 167, 334, 1169, 2338",167,8,2340,2^2 · 3^2 · 5 · 13,"2, 3, 5, 13","1, 2, 3, 4, 5, 6, 9, 10, 12, 13, 15, 18, 20, 26, 30, 36, 39, 45, 52, 60, 65, 78, 90, 117, 130, 156, 180, 195, 234, 260, 390, 468, 585, 780, 1170, 2340",13,36
347,2341,"1, 2341",2341,2340,2^2 · 3^2 · 5 · 13,"2, 3, 5, 13","1, 2, 3, 4, 5, 6, 9, 10, 12, 13, 15, 18, 20, 26, 30, 36, 39, 45, 52, 60, 65, 78, 90, 117, 130, 156, 180, 195, 234, 260, 390, 468, 585, 780, 1170, 2340",13,36,2342,2 · 1171,"2, 1171","1, 2, 1171, 2342",1171,4
348,2347,"1, 2347",2347,2346,2 · 3 · 17 · 23,"2, 3, 17, 23","1, 2, 3, 6, 17, 23, 34, 46, 51, 69, 102, 138, 391, 782, 1173, 2346",23,16,2348,2^2 · 587,"2, 587","1, 2, 4, 587, 1174, 2348",587,6
349,2351,"1, 2351",2351,2350,2 · 5^2 · 47,"2, 5, 47","1, 2, 5, 10, 25, 47, 50, 94, 235, 470, 1175, 2350",47,12,2352,2^4 · 3 · 7^2,"2, 3, 7","1, 2, 3, 4, 6, 7, 8, 12, 14, 16, 21, 24, 28, 42, 48, 49, 56, 84, 98, 112, 147, 168, 196, 294, 336, 392, 588, 784, 1176, 2352",7,30
350,2357,"1, 2357",2357,2356,2^2 · 19 · 31,"2, 19, 31","1, 2, 4, 19, 31, 38, 62, 76, 124, 589, 1178, 2356",31,12,2358,2 · 3^2 · 131,"2, 3, 131","1, 2, 3, 6, 9, 18, 131, 262, 393, 786, 1179, 2358",131,12
351,2371,"1, 2371",2371,2370,2 · 3 · 5 · 79,"2, 3, 5, 79","1, 2, 3, 5, 6, 10, 15, 30, 79, 158, 237, 395, 474, 790, 1185, 2370",79,16,2372,2^2 · 593,"2, 593","1, 2, 4, 593, 1186, 2372",593,6
352,2377,"1, 2377",2377,2376,2^3 · 3^3 · 11,"2, 3, 11","1, 2, 3, 4, 6, 8, 9, 11, 12, 18, 22, 24, 27, 33, 36, 44, 54, 66, 72, 88, 99, 108, 132, 198, 216, 264, 297, 396, 594, 792, 1188, 2376",11,32,2378,2 · 29 · 41,"2, 29, 41","1, 2, 29, 41, 58, 82, 1189, 2378",41,8
353,2381,"1, 2381",2381,2380,2^2 · 5 · 7 · 17,"2, 5, 7, 17","1, 2, 4, 5, 7, 10, 14, 17, 20, 28, 34, 35, 68, 70, 85, 119, 140, 170, 238, 340, 476, 595, 1190, 2380",17,24,2382,2 · 3 · 397,"2, 3, 397","1, 2, 3, 6, 397, 794, 1191, 2382",397,8
354,2383,"1, 2383",2383,2382,2 · 3 · 397,"2, 3, 397","1, 2, 3, 6, 397, 794, 1191, 2382",397,8,2384,2^4 · 149,"2, 149","1, 2, 4, 8, 16, 149, 298, 596, 1192, 2384",149,10
355,2389,"1, 2389",2389,2388,2^2 · 3 · 199,"2, 3, 199","1, 2, 3, 4, 6, 12, 199, 398, 597, 796, 1194, 2388",199,12,2390,2 · 5 · 239,"2, 5, 239","1, 2, 5, 10, 239, 478, 1195, 2390",239,8
356,2393,"1, 2393",2393,2392,2^3 · 13 · 23,"2, 13, 23","1, 2, 4, 8, 13, 23, 26, 46, 52, 92, 104, 184, 299, 598, 1196, 2392",23,16,2394,2 · 3^2 · 7 · 19,"2, 3, 7, 19","1, 2, 3, 6, 7, 9, 14, 18, 19, 21, 38, 42, 57, 63, 114, 126, 133, 171, 266, 342, 399, 798, 1197, 2394",19,24
357,2399,"1, 2399",2399,2398,2 · 11 · 109,"2, 11, 109","1, 2, 11, 22, 109, 218, 1199, 2398",109,8,2400,2^5 · 3 · 5^2,"2, 3, 5","1, 2, 3, 4, 5, 6, 8, 10, 12, 15, 16, 20, 24, 25, 30, 32, 40, 48, 50, 60, 75, 80, 96, 100, 120, 150, 160, 200, 240, 300, 400, 480, 600, 800, 1200, 2400",5,36
358,2411,"1, 2411",2411,2410,2 · 5 · 241,"2, 5, 241","1, 2, 5, 10, 241, 482, 1205, 2410",241,8,2412,2^2 · 3^2 · 67,"2, 3, 67","1, 2, 3, 4, 6, 9, 12, 18, 36, 67, 134, 201, 268, 402, 603, 804, 1206, 2412",67,18
359,2417,"1, 2417",2417,2416,2^4 · 151,"2, 151","1, 2, 4, 8, 16, 151, 302, 604, 1208, 2416",151,10,2418,2 · 3 · 13 · 31,"2, 3, 13, 31","1, 2, 3, 6, 13, 26, 31, 39, 62, 78, 93, 186, 403, 806, 1209, 2418",31,16
360,2423,"1, 2423",2423,2422,2 · 7 · 173,"2, 7, 173","1, 2, 7, 14, 173, 346, 1211, 2422",173,8,2424,2^3 · 3 · 101,"2, 3, 101","1, 2, 3, 4, 6, 8, 12, 24, 101, 202, 303, 404, 606, 808, 1212, 2424",101,16
361,2437,"1, 2437",2437,2436,2^2 · 3 · 7 · 29,"2, 3, 7, 29","1, 2, 3, 4, 6, 7, 12, 14, 21, 28, 29, 42, 58, 84, 87, 116, 174, 203, 348, 406, 609, 812, 1218, 2436",29,24,2438,2 · 23 · 53,"2, 23, 53","1, 2, 23, 46, 53, 106, 1219, 2438",53,8
362,2441,"1, 2441",2441,2440,2^3 · 5 · 61,"2, 5, 61","1, 2, 4, 5, 8, 10, 20, 40, 61, 122, 244, 305, 488, 610, 1220, 2440",61,16,2442,2 · 3 · 11 · 37,"2, 3, 11, 37","1, 2, 3, 6, 11, 22, 33, 37, 66, 74, 111, 222, 407, 814, 1221, 2442",37,16
363,2447,"1, 2447",2447,2446,2 · 1223,"2, 1223","1, 2, 1223, 2446",1223,4,2448,2^4 · 3^2 · 17,"2, 3, 17","1, 2, 3, 4, 6, 8, 9, 12, 16, 17, 18, 24, 34, 36, 48, 51, 68, 72, 102, 136, 144, 153, 204, 272, 306, 408, 612, 816, 1224, 2448",17,30
364,2459,"1, 2459",2459,2458,2 · 1229,"2, 1229","1, 2, 1229, 2458",1229,4,2460,2^2 · 3 · 5 · 41,"2, 3, 5, 41","1, 2, 3, 4, 5, 6, 10, 12, 15, 20, 30, 41, 60, 82, 123, 164, 205, 246, 410, 492, 615, 820, 1230, 2460",41,24
365,2467,"1, 2467",2467,2466,2 · 3^2 · 137,"2, 3, 137","1, 2, 3, 6, 9, 18, 137, 274, 411, 822, 1233, 2466",137,12,2468,2^2 · 617,"2, 617","1, 2, 4, 617, 1234, 2468",617,6
366,2473,"1, 2473",2473,2472,2^3 · 3 · 103,"2, 3, 103","1, 2, 3, 4, 6, 8, 12, 24, 103, 206, 309, 412, 618, 824, 1236, 2472",103,16,2474,2 · 1237,"2, 1237","1, 2, 1237, 2474",1237,4
367,2477,"1, 2477",2477,2476,2^2 · 619,"2, 619","1, 2, 4, 619, 1238, 2476",619,6,2478,2 · 3 · 7 · 59,"2, 3, 7, 59","1, 2, 3, 6, 7, 14, 21, 42, 59, 118, 177, 354, 413, 826, 1239, 2478",59,16
368,2503,"1, 2503",2503,2502,2 · 3^2 · 139,"2, 3, 139","1, 2, 3, 6, 9, 18, 139, 278, 417, 834, 1251, 2502",139,12,2504,2^3 · 313,"2, 313","1, 2, 4, 8, 313, 626, 1252, 2504",313,8
369,2521,"1, 2521",2521,2520,2^3 · 3^2 · 5 · 7,"2, 3, 5, 7","1, 2, 3, 4, 5, 6, 7, 8, 9, 10, 12, 14, 15, 18, 20, 21, 24, 28, 30, 35, 36, 40, 42, 45, 56, 60, 63, 70, 72, 84, 90, 105, 120, 126, 140, 168, 180, 210, 252, 280, 315, 360, 420, 504, 630, 840, 1260, 2520",7,48,2522,2 · 13 · 97,"2, 13, 97","1, 2, 13, 26, 97, 194, 1261, 2522",97,8
370,2531,"1, 2531",2531,2530,2 · 5 · 11 · 23,"2, 5, 11, 23","1, 2, 5, 10, 11, 22, 23, 46, 55, 110, 115, 230, 253, 506, 1265, 2530",23,16,2532,2^2 · 3 · 211,"2, 3, 211","1, 2, 3, 4, 6, 12, 211, 422, 633, 844, 1266, 2532",211,12
371,2539,"1, 2539",2539,2538,2 · 3^3 · 47,"2, 3, 47","1, 2, 3, 6, 9, 18, 27, 47, 54, 94, 141, 282, 423, 846, 1269, 2538",47,16,2540,2^2 · 5 · 127,"2, 5, 127","1, 2, 4, 5, 10, 20, 127, 254, 508, 635, 1270, 2540",127,12
372,2543,"1, 2543",2543,2542,2 · 31 · 41,"2, 31, 41","1, 2, 31, 41, 62, 82, 1271, 2542",41,8,2544,2^4 · 3 · 53,"2, 3, 53","1, 2, 3, 4, 6, 8, 12, 16, 24, 48, 53, 106, 159, 212, 318, 424, 636, 848, 1272, 2544",53,20
373,2549,"1, 2549",2549,2548,2^2 · 7^2 · 13,"2, 7, 13","1, 2, 4, 7, 13, 14, 26, 28, 49, 52, 91, 98, 182, 196, 364, 637, 1274, 2548",13,18,2550,2 · 3 · 5^2 · 17,"2, 3, 5, 17","1, 2, 3, 5, 6, 10, 15, 17, 25, 30, 34, 50, 51, 75, 85, 102, 150, 170, 255, 425, 510, 850, 1275, 2550",17,24
374,2551,"1, 2551",2551,2550,2 · 3 · 5^2 · 17,"2, 3, 5, 17","1, 2, 3, 5, 6, 10, 15, 17, 25, 30, 34, 50, 51, 75, 85, 102, 150, 170, 255, 425, 510, 850, 1275, 2550",17,24,2552,2^3 · 11 · 29,"2, 11, 29","1, 2, 4, 8, 11, 22, 29, 44, 58, 88, 116, 232, 319, 638, 1276, 2552",29,16
375,2557,"1, 2557",2557,2556,2^2 · 3^2 · 71,"2, 3, 71","1, 2, 3, 4, 6, 9, 12, 18, 36, 71, 142, 213, 284, 426, 639, 852, 1278, 2556",71,18,2558,2 · 1279,"2, 1279","1, 2, 1279, 2558",1279,4
376,2579,"1, 2579",2579,2578,2 · 1289,"2, 1289","1, 2, 1289, 2578",1289,4,2580,2^2 · 3 · 5 · 43,"2, 3, 5, 43","1, 2, 3, 4, 5, 6, 10, 12, 15, 20, 30, 43, 60, 86, 129, 172, 215, 258, 430, 516, 645, 860, 1290, 2580",43,24
377,2591,"1, 2591",2591,2590,2 · 5 · 7 · 37,"2, 5, 7, 37","1, 2, 5, 7, 10, 14, 35, 37, 70, 74, 185, 259, 370, 518, 1295, 2590",37,16,2592,2^5 · 3^4,"2, 3","1, 2, 3, 4, 6, 8, 9, 12, 16, 18, 24, 27, 32, 36, 48, 54, 72, 81, 96, 108, 144, 162, 216, 288, 324, 432, 648, 864, 1296, 2592",3,30
378,2593,"1, 2593",2593,2592,2^5 · 3^4,"2, 3","1, 2, 3, 4, 6, 8, 9, 12, 16, 18, 24, 27, 32, 36, 48, 54, 72, 81, 96, 108, 144, 162, 216, 288, 324, 432, 648, 864, 1296, 2592",3,30,2594,2 · 1297,"2, 1297","1, 2, 1297, 2594",1297,4
379,2609,"1, 2609",2609,2608,2^4 · 163,"2, 163","1, 2, 4, 8, 16, 163, 326, 652, 1304, 2608",163,10,2610,2 · 3^2 · 5 · 29,"2, 3, 5, 29","1, 2, 3, 5, 6, 9, 10, 15, 18, 29, 30, 45, 58, 87, 90, 145, 174, 261, 290, 435, 522, 870, 1305, 2610",29,24
380,2617,"1, 2617",2617,2616,2^3 · 3 · 109,"2, 3, 109","1, 2, 3, 4, 6, 8, 12, 24, 109, 218, 327, 436, 654, 872, 1308, 2616",109,16,2618,2 · 7 · 11 · 17,"2, 7, 11, 17","1, 2, 7, 11, 14, 17, 22, 34, 77, 119, 154, 187, 238, 374, 1309, 2618",17,16
381,2621,"1, 2621",2621,2620,2^2 · 5 · 131,"2, 5, 131","1, 2, 4, 5, 10, 20, 131, 262, 524, 655, 1310, 2620",131,12,2622,2 · 3 · 19 · 23,"2, 3, 19, 23","1, 2, 3, 6, 19, 23, 38, 46, 57, 69, 114, 138, 437, 874, 1311, 2622",23,16
382,2633,"1, 2633",2633,2632,2^3 · 7 · 47,"2, 7, 47","1, 2, 4, 7, 8, 14, 28, 47, 56, 94, 188, 329, 376, 658, 1316, 2632",47,16,2634,2 · 3 · 439,"2, 3, 439","1, 2, 3, 6, 439, 878, 1317, 2634",439,8
383,2647,"1, 2647",2647,2646,2 · 3^3 · 7^2,"2, 3, 7","1, 2, 3, 6, 7, 9, 14, 18, 21, 27, 42, 49, 54, 63, 98, 126, 147, 189, 294, 378, 441, 882, 1323, 2646",7,24,2648,2^3 · 331,"2, 331","1, 2, 4, 8, 331, 662, 1324, 2648",331,8
384,2657,"1, 2657",2657,2656,2^5 · 83,"2, 83","1, 2, 4, 8, 16, 32, 83, 166, 332, 664, 1328, 2656",83,12,2658,2 · 3 · 443,"2, 3, 443","1, 2, 3, 6, 443, 886, 1329, 2658",443,8
385,2659,"1, 2659",2659,2658,2 · 3 · 443,"2, 3, 443","1, 2, 3, 6, 443, 886, 1329, 2658",443,8,2660,2^2 · 5 · 7 · 19,"2, 5, 7, 19","1, 2, 4, 5, 7, 10, 14, 19, 20, 28, 35, 38, 70, 76, 95, 133, 140, 190, 266, 380, 532, 665, 1330, 2660",19,24
386,2663,"1, 2663",2663,2662,2 · 11^3,"2, 11","1, 2, 11, 22, 121, 242, 1331, 2662",11,8,2664,2^3 · 3^2 · 37,"2, 3, 37","1, 2, 3, 4, 6, 8, 9, 12, 18, 24, 36, 37, 72, 74, 111, 148, 222, 296, 333, 444, 666, 888, 1332, 2664",37,24
387,2671,"1, 2671",2671,2670,2 · 3 · 5 · 89,"2, 3, 5, 89","1, 2, 3, 5, 6, 10, 15, 30, 89, 178, 267, 445, 534, 890, 1335, 2670",89,16,2672,2^4 · 167,"2, 167","1, 2, 4, 8, 16, 167, 334, 668, 1336, 2672",167,10
388,2677,"1, 2677",2677,2676,2^2 · 3 · 223,"2, 3, 223","1, 2, 3, 4, 6, 12, 223, 446, 669, 892, 1338, 2676",223,12,2678,2 · 13 · 103,"2, 13, 103","1, 2, 13, 26, 103, 206, 1339, 2678",103,8
389,2683,"1, 2683",2683,2682,2 · 3^2 · 149,"2, 3, 149","1, 2, 3, 6, 9, 18, 149, 298, 447, 894, 1341, 2682",149,12,2684,2^2 · 11 · 61,"2, 11, 61","1, 2, 4, 11, 22, 44, 61, 122, 244, 671, 1342, 2684",61,12
390,2687,"1, 2687",2687,2686,2 · 17 · 79,"2, 17, 79","1, 2, 17, 34, 79, 158, 1343, 2686",79,8,2688,2^7 · 3 · 7,"2, 3, 7","1, 2, 3, 4, 6, 7, 8, 12, 14, 16, 21, 24, 28, 32, 42, 48, 56, 64, 84, 96, 112, 128, 168, 192, 224, 336, 384, 448, 672, 896, 1344, 2688",7,32
391,2689,"1, 2689",2689,2688,2^7 · 3 · 7,"2, 3, 7","1, 2, 3, 4, 6, 7, 8, 12, 14, 16, 21, 24, 28, 32, 42, 48, 56, 64, 84, 96, 112, 128, 168, 192, 224, 336, 384, 448, 672, 896, 1344, 2688",7,32,2690,2 · 5 · 269,"2, 5, 269","1, 2, 5, 10, 269, 538, 1345, 2690",269,8
392,2693,"1, 2693",2693,2692,2^2 · 673,"2, 673","1, 2, 4, 673, 1346, 2692",673,6,2694,2 · 3 · 449,"2, 3, 449","1, 2, 3, 6, 449, 898, 1347, 2694",449,8
393,2699,"1, 2699",2699,2698,2 · 19 · 71,"2, 19, 71","1, 2, 19, 38, 71, 142, 1349, 2698",71,8,2700,2^2 · 3^3 · 5^2,"2, 3, 5","1, 2, 3, 4, 5, 6, 9, 10, 12, 15, 18, 20, 25, 27, 30, 36, 45, 50, 54, 60, 75, 90, 100, 108, 135, 150, 180, 225, 270, 300, 450, 540, 675, 900, 1350, 2700",5,36
394,2707,"1, 2707",2707,2706,2 · 3 · 11 · 41,"2, 3, 11, 41","1, 2, 3, 6, 11, 22, 33, 41, 66, 82, 123, 246, 451, 902, 1353, 2706",41,16,2708,2^2 · 677,"2, 677","1, 2, 4, 677, 1354, 2708",677,6
395,2711,"1, 2711",2711,2710,2 · 5 · 271,"2, 5, 271","1, 2, 5, 10, 271, 542, 1355, 2710",271,8,2712,2^3 · 3 · 113,"2, 3, 113","1, 2, 3, 4, 6, 8, 12, 24, 113, 226, 339, 452, 678, 904, 1356, 2712",113,16
396,2713,"1, 2713",2713,2712,2^3 · 3 · 113,"2, 3, 113","1, 2, 3, 4, 6, 8, 12, 24, 113, 226, 339, 452, 678, 904, 1356, 2712",113,16,2714,2 · 23 · 59,"2, 23, 59","1, 2, 23, 46, 59, 118, 1357, 2714",59,8
397,2719,"1, 2719",2719,2718,2 · 3^2 · 151,"2, 3, 151","1, 2, 3, 6, 9, 18, 151, 302, 453, 906, 1359, 2718",151,12,2720,2^5 · 5 · 17,"2, 5, 17","1, 2, 4, 5, 8, 10, 16, 17, 20, 32, 34, 40, 68, 80, 85, 136, 160, 170, 272, 340, 544, 680, 1360, 2720",17,24
398,2729,"1, 2729",2729,2728,2^3 · 11 · 31,"2, 11, 31","1, 2, 4, 8, 11, 22, 31, 44, 62, 88, 124, 248, 341, 682, 1364, 2728",31,16,2730,2 · 3 · 5 · 7 · 13,"2, 3, 5, 7, 13","1, 2, 3, 5, 6, 7, 10, 13, 14, 15, 21, 26, 30, 35, 39, 42, 65, 70, 78, 91, 105, 130, 182, 195, 210, 273, 390, 455, 546, 910, 1365, 2730",13,32
399,2731,"1, 2731",2731,2730,2 · 3 · 5 · 7 · 13,"2, 3, 5, 7, 13","1, 2, 3, 5, 6, 7, 10, 13, 14, 15, 21, 26, 30, 35, 39, 42, 65, 70, 78, 91, 105, 130, 182, 195, 210, 273, 390, 455, 546, 910, 1365, 2730",13,32,2732,2^2 · 683,"2, 683","1, 2, 4, 683, 1366, 2732",683,6
400,2741,"1, 2741",2741,2740,2^2 · 5 · 137,"2, 5, 137","1, 2, 4, 5, 10, 20, 137, 274, 548, 685, 1370, 2740",137,12,2742,2 · 3 · 457,"2, 3, 457","1, 2, 3, 6, 457, 914, 1371, 2742",457,8
401,2749,"1, 2749",2749,2748,2^2 · 3 · 229,"2, 3, 229","1, 2, 3, 4, 6, 12, 229, 458, 687, 916, 1374, 2748",229,12,2750,2 · 5^3 · 11,"2, 5, 11","1, 2, 5, 10, 11, 22, 25, 50, 55, 110, 125, 250, 275, 550, 1375, 2750",11,16
402,2753,"1, 2753",2753,2752,2^6 · 43,"2, 43","1, 2, 4, 8, 16, 32, 43, 64, 86, 172, 344, 688, 1376, 2752",43,14,2754,2 · 3^4 · 17,"2, 3, 17","1, 2, 3, 6, 9, 17, 18, 27, 34, 51, 54, 81, 102, 153, 162, 306, 459, 918, 1377, 2754",17,20
403,2767,"1, 2767",2767,2766,2 · 3 · 461,"2, 3, 461","1, 2, 3, 6, 461, 922, 1383, 2766",461,8,2768,2^4 · 173,"2, 173","1, 2, 4, 8, 16, 173, 346, 692, 1384, 2768",173,10
404,2777,"1, 2777",2777,2776,2^3 · 347,"2, 347","1, 2, 4, 8, 347, 694, 1388, 2776",347,8,2778,2 · 3 · 463,"2, 3, 463","1, 2, 3, 6, 463, 926, 1389, 2778",463,8
405,2789,"1, 2789",2789,2788,2^2 · 17 · 41,"2, 17, 41","1, 2, 4, 17, 34, 41, 68, 82, 164, 697, 1394, 2788",41,12,2790,2 · 3^2 · 5 · 31,"2, 3, 5, 31","1, 2, 3, 5, 6, 9, 10, 15, 18, 30, 31, 45, 62, 90, 93, 155, 186, 279, 310, 465, 558, 930, 1395, 2790",31,24
406,2791,"1, 2791",2791,2790,2 · 3^2 · 5 · 31,"2, 3, 5, 31","1, 2, 3, 5, 6, 9, 10, 15, 18, 30, 31, 45, 62, 90, 93, 155, 186, 279, 310, 465, 558, 930, 1395, 2790",31,24,2792,2^3 · 349,"2, 349","1, 2, 4, 8, 349, 698, 1396, 2792",349,8
407,2797,"1, 2797",2797,2796,2^2 · 3 · 233,"2, 3, 233","1, 2, 3, 4, 6, 12, 233, 466, 699, 932, 1398, 2796",233,12,2798,2 · 1399,"2, 1399","1, 2, 1399, 2798",1399,4
408,2801,"1, 2801",2801,2800,2^4 · 5^2 · 7,"2, 5, 7","1, 2, 4, 5, 7, 8, 10, 14, 16, 20, 25, 28, 35, 40, 50, 56, 70, 80, 100, 112, 140, 175, 200, 280, 350, 400, 560, 700, 1400, 2800",7,30,2802,2 · 3 · 467,"2, 3, 467","1, 2, 3, 6, 467, 934, 1401, 2802",467,8
409,2803,"1, 2803",2803,2802,2 · 3 · 467,"2, 3, 467","1, 2, 3, 6, 467, 934, 1401, 2802",467,8,2804,2^2 · 701,"2, 701","1, 2, 4, 701, 1402, 2804",701,6
410,2819,"1, 2819",2819,2818,2 · 1409,"2, 1409","1, 2, 1409, 2818",1409,4,2820,2^2 · 3 · 5 · 47,"2, 3, 5, 47","1, 2, 3, 4, 5, 6, 10, 12, 15, 20, 30, 47, 60, 94, 141, 188, 235, 282, 470, 564, 705, 940, 1410, 2820",47,24
411,2833,"1, 2833",2833,2832,2^4 · 3 · 59,"2, 3, 59","1, 2, 3, 4, 6, 8, 12, 16, 24, 48, 59, 118, 177, 236, 354, 472, 708, 944, 1416, 2832",59,20,2834,2 · 13 · 109,"2, 13, 109","1, 2, 13, 26, 109, 218, 1417, 2834",109,8
412,2837,"1, 2837",2837,2836,2^2 · 709,"2, 709","1, 2, 4, 709, 1418, 2836",709,6,2838,2 · 3 · 11 · 43,"2, 3, 11, 43","1, 2, 3, 6, 11, 22, 33, 43, 66, 86, 129, 258, 473, 946, 1419, 2838",43,16
413,2843,"1, 2843",2843,2842,2 · 7^2 · 29,"2, 7, 29","1, 2, 7, 14, 29, 49, 58, 98, 203, 406, 1421, 2842",29,12,2844,2^2 · 3^2 · 79,"2, 3, 79","1, 2, 3, 4, 6, 9, 12, 18, 36, 79, 158, 237, 316, 474, 711, 948, 1422, 2844",79,18
414,2851,"1, 2851",2851,2850,2 · 3 · 5^2 · 19,"2, 3, 5, 19","1, 2, 3, 5, 6, 10, 15, 19, 25, 30, 38, 50, 57, 75, 95, 114, 150, 190, 285, 475, 570, 950, 1425, 2850",19,24,2852,2^2 · 23 · 31,"2, 23, 31","1, 2, 4, 23, 31, 46, 62, 92, 124, 713, 1426, 2852",31,12
415,2857,"1, 2857",2857,2856,2^3 · 3 · 7 · 17,"2, 3, 7, 17","1, 2, 3, 4, 6, 7, 8, 12, 14, 17, 21, 24, 28, 34, 42, 51, 56, 68, 84, 102, 119, 136, 168, 204, 238, 357, 408, 476, 714, 952, 1428, 2856",17,32,2858,2 · 1429,"2, 1429","1, 2, 1429, 2858",1429,4
416,2861,"1, 2861",2861,2860,2^2 · 5 · 11 · 13,"2, 5, 11, 13","1, 2, 4, 5, 10, 11, 13, 20, 22, 26, 44, 52, 55, 65, 110, 130, 143, 220, 260, 286, 572, 715, 1430, 2860",13,24,2862,2 · 3^3 · 53,"2, 3, 53","1, 2, 3, 6, 9, 18, 27, 53, 54, 106, 159, 318, 477, 954, 1431, 2862",53,16
417,2879,"1, 2879",2879,2878,2 · 1439,"2, 1439","1, 2, 1439, 2878",1439,4,2880,2^6 · 3^2 · 5,"2, 3, 5","1, 2, 3, 4, 5, 6, 8, 9, 10, 12, 15, 16, 18, 20, 24, 30, 32, 36, 40, 45, 48, 60, 64, 72, 80, 90, 96, 120, 144, 160, 180, 192, 240, 288, 320, 360, 480, 576, 720, 960, 1440, 2880",5,42
418,2887,"1, 2887",2887,2886,2 · 3 · 13 · 37,"2, 3, 13, 37","1, 2, 3, 6, 13, 26, 37, 39, 74, 78, 111, 222, 481, 962, 1443, 2886",37,16,2888,2^3 · 19^2,"2, 19","1, 2, 4, 8, 19, 38, 76, 152, 361, 722, 1444, 2888",19,12
419,2897,"1, 2897",2897,2896,2^4 · 181,"2, 181","1, 2, 4, 8, 16, 181, 362, 724, 1448, 2896",181,10,2898,2 · 3^2 · 7 · 23,"2, 3, 7, 23","1, 2, 3, 6, 7, 9, 14, 18, 21, 23, 42, 46, 63, 69, 126, 138, 161, 207, 322, 414, 483, 966, 1449, 2898",23,24
420,2903,"1, 2903",2903,2902,2 · 1451,"2, 1451","1, 2, 1451, 2902",1451,4,2904,2^3 · 3 · 11^2,"2, 3, 11","1, 2, 3, 4, 6, 8, 11, 12, 22, 24, 33, 44, 66, 88, 121, 132, 242, 264, 363, 484, 726, 968, 1452, 2904",11,24
421,2909,"1, 2909",2909,2908,2^2 · 727,"2, 727","1, 2, 4, 727, 1454, 2908",727,6,2910,2 · 3 · 5 · 97,"2, 3, 5, 97","1, 2, 3, 5, 6, 10, 15, 30, 97, 194, 291, 485, 582, 970, 1455, 2910",97,16
422,2917,"1, 2917",2917,2916,2^2 · 3^6,"2, 3","1, 2, 3, 4, 6, 9, 12, 18, 27, 36, 54, 81, 108, 162, 243, 324, 486, 729, 972, 1458, 2916",3,21,2918,2 · 1459,"2, 1459","1, 2, 1459, 2918",1459,4
423,2927,"1, 2927",2927,2926,2 · 7 · 11 · 19,"2, 7, 11, 19","1, 2, 7, 11, 14, 19, 22, 38, 77, 133, 154, 209, 266, 418, 1463, 2926",19,16,2928,2^4 · 3 · 61,"2, 3, 61","1, 2, 3, 4, 6, 8, 12, 16, 24, 48, 61, 122, 183, 244, 366, 488, 732, 976, 1464, 2928",61,20
424,2939,"1, 2939",2939,2938,2 · 13 · 113,"2, 13, 113","1, 2, 13, 26, 113, 226, 1469, 2938",113,8,2940,2^2 · 3 · 5 · 7^2,"2, 3, 5, 7","1, 2, 3, 4, 5, 6, 7, 10, 12, 14, 15, 20, 21, 28, 30, 35, 42, 49, 60, 70, 84, 98, 105, 140, 147, 196, 210, 245, 294, 420, 490, 588, 735, 980, 1470, 2940",7,36
425,2953,"1, 2953",2953,2952,2^3 · 3^2 · 41,"2, 3, 41","1, 2, 3, 4, 6, 8, 9, 12, 18, 24, 36, 41, 72, 82, 123, 164, 246, 328, 369, 492, 738, 984, 1476, 2952",41,24,2954,2 · 7 · 211,"2, 7, 211","1, 2, 7, 14, 211, 422, 1477, 2954",211,8
426,2957,"1, 2957",2957,2956,2^2 · 739,"2, 739","1, 2, 4, 739, 1478, 2956",739,6,2958,2 · 3 · 17 · 29,"2, 3, 17, 29","1, 2, 3, 6, 17, 29, 34, 51, 58, 87, 102, 174, 493, 986, 1479, 2958",29,16
427,2963,"1, 2963",2963,2962,2 · 1481,"2, 1481","1, 2, 1481, 2962",1481,4,2964,2^2 · 3 · 13 · 19,"2, 3, 13, 19","1, 2, 3, 4, 6, 12, 13, 19, 26, 38, 39, 52, 57, 76, 78, 114, 156, 228, 247, 494, 741, 988, 1482, 2964",19,24
428,2969,"1, 2969",2969,2968,2^3 · 7 · 53,"2, 7, 53","1, 2, 4, 7, 8, 14, 28, 53, 56, 106, 212, 371, 424, 742, 1484, 2968",53,16,2970,2 · 3^3 · 5 · 11,"2, 3, 5, 11","1, 2, 3, 5, 6, 9, 10, 11, 15, 18, 22, 27, 30, 33, 45, 54, 55, 66, 90, 99, 110, 135, 165, 198, 270, 297, 330, 495, 594, 990, 1485, 2970",11,32
429,2971,"1, 2971",2971,2970,2 · 3^3 · 5 · 11,"2, 3, 5, 11","1, 2, 3, 5, 6, 9, 10, 11, 15, 18, 22, 27, 30, 33, 45, 54, 55, 66, 90, 99, 110, 135, 165, 198, 270, 297, 330, 495, 594, 990, 1485, 2970",11,32,2972,2^2 · 743,"2, 743","1, 2, 4, 743, 1486, 2972",743,6
430,2999,"1, 2999",2999,2998,2 · 1499,"2, 1499","1, 2, 1499, 2998",1499,4,3000,2^3 · 3 · 5^3,"2, 3, 5","1, 2, 3, 4, 5, 6, 8, 10, 12, 15, 20, 24, 25, 30, 40, 50, 60, 75, 100, 120, 125, 150, 200, 250, 300, 375, 500, 600, 750, 1000, 1500, 3000",5,32
431,3001,"1, 3001",3001,3000,2^3 · 3 · 5^3,"2, 3, 5","1, 2, 3, 4, 5, 6, 8, 10, 12, 15, 20, 24, 25, 30, 40, 50, 60, 75, 100, 120, 125, 150, 200, 250, 300, 375, 500, 600, 750, 1000, 1500, 3000",5,32,3002,2 · 19 · 79,"2, 19, 79","1, 2, 19, 38, 79, 158, 1501, 3002",79,8
432,3011,"1, 3011",3011,3010,2 · 5 · 7 · 43,"2, 5, 7, 43","1, 2, 5, 7, 10, 14, 35, 43, 70, 86, 215, 301, 430, 602, 1505, 3010",43,16,3012,2^2 · 3 · 251,"2, 3, 251","1, 2, 3, 4, 6, 12, 251, 502, 753, 1004, 1506, 3012",251,12
433,3019,"1, 3019",3019,3018,2 · 3 · 503,"2, 3, 503","1, 2, 3, 6, 503, 1006, 1509, 3018",503,8,3020,2^2 · 5 · 151,"2, 5, 151","1, 2, 4, 5, 10, 20, 151, 302, 604, 755, 1510, 3020",151,12
434,3023,"1, 3023",3023,3022,2 · 1511,"2, 1511","1, 2, 1511, 3022",1511,4,3024,2^4 · 3^3 · 7,"2, 3, 7","1, 2, 3, 4, 6, 7, 8, 9, 12, 14, 16, 18, 21, 24, 27, 28, 36, 42, 48, 54, 56, 63, 72, 84, 108, 112, 126, 144, 168, 189, 216, 252, 336, 378, 432, 504, 756, 1008, 1512, 3024",7,40
435,3037,"1, 3037",3037,3036,2^2 · 3 · 11 · 23,"2, 3, 11, 23","1, 2, 3, 4, 6, 11, 12, 22, 23, 33, 44, 46, 66, 69, 92, 132, 138, 253, 276, 506, 759, 1012, 1518, 3036",23,24,3038,2 · 7^2 · 31,"2, 7, 31","1, 2, 7, 14, 31, 49, 62, 98, 217, 434, 1519, 3038",31,12
436,3041,"1, 3041",3041,3040,2^5 · 5 · 19,"2, 5, 19","1, 2, 4, 5, 8, 10, 16, 19, 20, 32, 38, 40, 76, 80, 95, 152, 160, 190, 304, 380, 608, 760, 1520, 3040",19,24,3042,2 · 3^2 · 13^2,"2, 3, 13","1, 2, 3, 6, 9, 13, 18, 26, 39, 78, 117, 169, 234, 338, 507, 1014, 1521, 3042",13,18
437,3049,"1, 3049",3049,3048,2^3 · 3 · 127,"2, 3, 127","1, 2, 3, 4, 6, 8, 12, 24, 127, 254, 381, 508, 762, 1016, 1524, 3048",127,16,3050,2 · 5^2 · 61,"2, 5, 61","1, 2, 5, 10, 25, 50, 61, 122, 305, 610, 1525, 3050",61,12
438,3061,"1, 3061",3061,3060,2^2 · 3^2 · 5 · 17,"2, 3, 5, 17","1, 2, 3, 4, 5, 6, 9, 10, 12, 15, 17, 18, 20, 30, 34, 36, 45, 51, 60, 68, 85, 90, 102, 153, 170, 180, 204, 255, 306, 340, 510, 612, 765, 1020, 1530, 3060",17,36,3062,2 · 1531,"2, 1531","1, 2, 1531, 3062",1531,4
439,3067,"1, 3067",3067,3066,2 · 3 · 7 · 73,"2, 3, 7, 73","1, 2, 3, 6, 7, 14, 21, 42, 73, 146, 219, 438, 511, 1022, 1533, 3066",73,16,3068,2^2 · 13 · 59,"2, 13, 59","1, 2, 4, 13, 26, 52, 59, 118, 236, 767, 1534, 3068",59,12
440,3079,"1, 3079",3079,3078,2 · 3^4 · 19,"2, 3, 19","1, 2, 3, 6, 9, 18, 19, 27, 38, 54, 57, 81, 114, 162, 171, 342, 513, 1026, 1539, 3078",19,20,3080,2^3 · 5 · 7 · 11,"2, 5, 7, 11","1, 2, 4, 5, 7, 8, 10, 11, 14, 20, 22, 28, 35, 40, 44, 55, 56, 70, 77, 88, 110, 140, 154, 220, 280, 308, 385, 440, 616, 770, 1540, 3080",11,32
441,3083,"1, 3083",3083,3082,2 · 23 · 67,"2, 23, 67","1, 2, 23, 46, 67, 134, 1541, 3082",67,8,3084,2^2 · 3 · 257,"2, 3, 257","1, 2, 3, 4, 6, 12, 257, 514, 771, 1028, 1542, 3084",257,12
442,3089,"1, 3089",3089,3088,2^4 · 193,"2, 193","1, 2, 4, 8, 16, 193, 386, 772, 1544, 3088",193,10,3090,2 · 3 · 5 · 103,"2, 3, 5, 103","1, 2, 3, 5, 6, 10, 15, 30, 103, 206, 309, 515, 618, 1030, 1545, 3090",103,16
443,3109,"1, 3109",3109,3108,2^2 · 3 · 7 · 37,"2, 3, 7, 37","1, 2, 3, 4, 6, 7, 12, 14, 21, 28, 37, 42, 74, 84, 111, 148, 222, 259, 444, 518, 777, 1036, 1554, 3108",37,24,3110,2 · 5 · 311,"2, 5, 311","1, 2, 5, 10, 311, 622, 1555, 3110",311,8
444,3119,"1, 3119",3119,3118,2 · 1559,"2, 1559","1, 2, 1559, 3118",1559,4,3120,2^4 · 3 · 5 · 13,"2, 3, 5, 13","1, 2, 3, 4, 5, 6, 8, 10, 12, 13, 15, 16, 20, 24, 26, 30, 39, 40, 48, 52, 60, 65, 78, 80, 104, 120, 130, 156, 195, 208, 240, 260, 312, 390, 520, 624, 780, 1040, 1560, 3120",13,40
445,3121,"1, 3121",3121,3120,2^4 · 3 · 5 · 13,"2, 3, 5, 13","1, 2, 3, 4, 5, 6, 8, 10, 12, 13, 15, 16, 20, 24, 26, 30, 39, 40, 48, 52, 60, 65, 78, 80, 104, 120, 130, 156, 195, 208, 240, 260, 312, 390, 520, 624, 780, 1040, 1560, 3120",13,40,3122,2 · 7 · 223,"2, 7, 223","1, 2, 7, 14, 223, 446, 1561, 3122",223,8
446,3137,"1, 3137",3137,3136,2^6 · 7^2,"2, 7","1, 2, 4, 7, 8, 14, 16, 28, 32, 49, 56, 64, 98, 112, 196, 224, 392, 448, 784, 1568, 3136",7,21,3138,2 · 3 · 523,"2, 3, 523","1, 2, 3, 6, 523, 1046, 1569, 3138",523,8
447,3163,"1, 3163",3163,3162,2 · 3 · 17 · 31,"2, 3, 17, 31","1, 2, 3, 6, 17, 31, 34, 51, 62, 93, 102, 186, 527, 1054, 1581, 3162",31,16,3164,2^2 · 7 · 113,"2, 7, 113","1, 2, 4, 7, 14, 28, 113, 226, 452, 791, 1582, 3164",113,12
448,3167,"1, 3167",3167,3166,2 · 1583,"2, 1583","1, 2, 1583, 3166",1583,4,3168,2^5 · 3^2 · 11,"2, 3, 11","1, 2, 3, 4, 6, 8, 9, 11, 12, 16, 18, 22, 24, 32, 33, 36, 44, 48, 66, 72, 88, 96, 99, 132, 144, 176, 198, 264, 288, 352, 396, 528, 792, 1056, 1584, 3168",11,36
449,3169,"1, 3169",3169,3168,2^5 · 3^2 · 11,"2, 3, 11","1, 2, 3, 4, 6, 8, 9, 11, 12, 16, 18, 22, 24, 32, 33, 36, 44, 48, 66, 72, 88, 96, 99, 132, 144, 176, 198, 264, 288, 352, 396, 528, 792, 1056, 1584, 3168",11,36,3170,2 · 5 · 317,"2, 5, 317","1, 2, 5, 10, 317, 634, 1585, 3170",317,8
450,3181,"1, 3181",3181,3180,2^2 · 3 · 5 · 53,"2, 3, 5, 53","1, 2, 3, 4, 5, 6, 10, 12, 15, 20, 30, 53, 60, 106, 159, 212, 265, 318, 530, 636, 795, 1060, 1590, 3180",53,24,3182,2 · 37 · 43,"2, 37, 43","1, 2, 37, 43, 74, 86, 1591, 3182",43,8
451,3187,"1, 3187",3187,3186,2 · 3^3 · 59,"2, 3, 59","1, 2, 3, 6, 9, 18, 27, 54, 59, 118, 177, 354, 531, 1062, 1593, 3186",59,16,3188,2^2 · 797,"2, 797","1, 2, 4, 797, 1594, 3188",797,6
452,3191,"1, 3191",3191,3190,2 · 5 · 11 · 29,"2, 5, 11, 29","1, 2, 5, 10, 11, 22, 29, 55, 58, 110, 145, 290, 319, 638, 1595, 3190",29,16,3192,2^3 · 3 · 7 · 19,"2, 3, 7, 19","1, 2, 3, 4, 6, 7, 8, 12, 14, 19, 21, 24, 28, 38, 42, 56, 57, 76, 84, 114, 133, 152, 168, 228, 266, 399, 456, 532, 798, 1064, 1596, 3192",19,32
453,3203,"1, 3203",3203,3202,2 · 1601,"2, 1601","1, 2, 1601, 3202",1601,4,3204,2^2 · 3^2 · 89,"2, 3, 89","1, 2, 3, 4, 6, 9, 12, 18, 36, 89, 178, 267, 356, 534, 801, 1068, 1602, 3204",89,18
454,3209,"1, 3209",3209,3208,2^3 · 401,"2, 401","1, 2, 4, 8, 401, 802, 1604, 3208",401,8,3210,2 · 3 · 5 · 107,"2, 3, 5, 107","1, 2, 3, 5, 6, 10, 15, 30, 107, 214, 321, 535, 642, 1070, 1605, 3210",107,16
455,3217,"1, 3217",3217,3216,2^4 · 3 · 67,"2, 3, 67","1, 2, 3, 4, 6, 8, 12, 16, 24, 48, 67, 134, 201, 268, 402, 536, 804, 1072, 1608, 3216",67,20,3218,2 · 1609,"2, 1609","1, 2, 1609, 3218",1609,4
456,3221,"1, 3221",3221,3220,2^2 · 5 · 7 · 23,"2, 5, 7, 23","1, 2, 4, 5, 7, 10, 14, 20, 23, 28, 35, 46, 70, 92, 115, 140, 161, 230, 322, 460, 644, 805, 1610, 3220",23,24,3222,2 · 3^2 · 179,"2, 3, 179","1, 2, 3, 6, 9, 18, 179, 358, 537, 1074, 1611, 3222",179,12
457,3229,"1, 3229",3229,3228,2^2 · 3 · 269,"2, 3, 269","1, 2, 3, 4, 6, 12, 269, 538, 807, 1076, 1614, 3228",269,12,3230,2 · 5 · 17 · 19,"2, 5, 17, 19","1, 2, 5, 10, 17, 19, 34, 38, 85, 95, 170, 190, 323, 646, 1615, 3230",19,16
458,3251,"1, 3251",3251,3250,2 · 5^3 · 13,"2, 5, 13","1, 2, 5, 10, 13, 25, 26, 50, 65, 125, 130, 250, 325, 650, 1625, 3250",13,16,3252,2^2 · 3 · 271,"2, 3, 271","1, 2, 3, 4, 6, 12, 271, 542, 813, 1084, 1626, 3252",271,12
459,3253,"1, 3253",3253,3252,2^2 · 3 · 271,"2, 3, 271","1, 2, 3, 4, 6, 12, 271, 542, 813, 1084, 1626, 3252",271,12,3254,2 · 1627,"2, 1627","1, 2, 1627, 3254",1627,4
460,3257,"1, 3257",3257,3256,2^3 · 11 · 37,"2, 11, 37","1, 2, 4, 8, 11, 22, 37, 44, 74, 88, 148, 296, 407, 814, 1628, 3256",37,16,3258,2 · 3^2 · 181,"2, 3, 181","1, 2, 3, 6, 9, 18, 181, 362, 543, 1086, 1629, 3258",181,12
461,3259,"1, 3259",3259,3258,2 · 3^2 · 181,"2, 3, 181","1, 2, 3, 6, 9, 18, 181, 362, 543, 1086, 1629, 3258",181,12,3260,2^2 · 5 · 163,"2, 5, 163","1, 2, 4, 5, 10, 20, 163, 326, 652, 815, 1630, 3260",163,12
462,3271,"1, 3271",3271,3270,2 · 3 · 5 · 109,"2, 3, 5, 109","1, 2, 3, 5, 6, 10, 15, 30, 109, 218, 327, 545, 654, 1090, 1635, 3270",109,16,3272,2^3 · 409,"2, 409","1, 2, 4, 8, 409, 818, 1636, 3272",409,8
463,3299,"1, 3299",3299,3298,2 · 17 · 97,"2, 17, 97","1, 2, 17, 34, 97, 194, 1649, 3298",97,8,3300,2^2 · 3 · 5^2 · 11,"2, 3, 5, 11","1, 2, 3, 4, 5, 6, 10, 11, 12, 15, 20, 22, 25, 30, 33, 44, 50, 55, 60, 66, 75, 100, 110, 132, 150, 165, 220, 275, 300, 330, 550, 660, 825, 1100, 1650, 3300",11,36
464,3301,"1, 3301",3301,3300,2^2 · 3 · 5^2 · 11,"2, 3, 5, 11","1, 2, 3, 4, 5, 6, 10, 11, 12, 15, 20, 22, 25, 30, 33, 44, 50, 55, 60, 66, 75, 100, 110, 132, 150, 165, 220, 275, 300, 330, 550, 660, 825, 1100, 1650, 3300",11,36,3302,2 · 13 · 127,"2, 13, 127","1, 2, 13, 26, 127, 254, 1651, 3302",127,8
465,3307,"1, 3307",3307,3306,2 · 3 · 19 · 29,"2, 3, 19, 29","1, 2, 3, 6, 19, 29, 38, 57, 58, 87, 114, 174, 551, 1102, 1653, 3306",29,16,3308,2^2 · 827,"2, 827","1, 2, 4, 827, 1654, 3308",827,6
466,3313,"1, 3313",3313,3312,2^4 · 3^2 · 23,"2, 3, 23","1, 2, 3, 4, 6, 8, 9, 12, 16, 18, 23, 24, 36, 46, 48, 69, 72, 92, 138, 144, 184, 207, 276, 368, 414, 552, 828, 1104, 1656, 3312",23,30,3314,2 · 1657,"2, 1657","1, 2, 1657, 3314",1657,4
467,3319,"1, 3319",3319,3318,2 · 3 · 7 · 79,"2, 3, 7, 79","1, 2, 3, 6, 7, 14, 21, 42, 79, 158, 237, 474, 553, 1106, 1659, 3318",79,16,3320,2^3 · 5 · 83,"2, 5, 83","1, 2, 4, 5, 8, 10, 20, 40, 83, 166, 332, 415, 664, 830, 1660, 3320",83,16
468,3323,"1, 3323",3323,3322,2 · 11 · 151,"2, 11, 151","1, 2, 11, 22, 151, 302, 1661, 3322",151,8,3324,2^2 · 3 · 277,"2, 3, 277","1, 2, 3, 4, 6, 12, 277, 554, 831, 1108, 1662, 3324",277,12
469,3329,"1, 3329",3329,3328,2^8 · 13,"2, 13","1, 2, 4, 8, 13, 16, 26, 32, 52, 64, 104, 128, 208, 256, 416, 832, 1664, 3328",13,18,3330,2 · 3^2 · 5 · 37,"2, 3, 5, 37","1, 2, 3, 5, 6, 9, 10, 15, 18, 30, 37, 45, 74, 90, 111, 185, 222, 333, 370, 555, 666, 1110, 1665, 3330",37,24
470,3331,"1, 3331",3331,3330,2 · 3^2 · 5 · 37,"2, 3, 5, 37","1, 2, 3, 5, 6, 9, 10, 15, 18, 30, 37, 45, 74, 90, 111, 185, 222, 333, 370, 555, 666, 1110, 1665, 3330",37,24,3332,2^2 · 7^2 · 17,"2, 7, 17","1, 2, 4, 7, 14, 17, 28, 34, 49, 68, 98, 119, 196, 238, 476, 833, 1666, 3332",17,18
471,3343,"1, 3343",3343,3342,2 · 3 · 557,"2, 3, 557","1, 2, 3, 6, 557, 1114, 1671, 3342",557,8,3344,2^4 · 11 · 19,"2, 11, 19","1, 2, 4, 8, 11, 16, 19, 22, 38, 44, 76, 88, 152, 176, 209, 304, 418, 836, 1672, 3344",19,20
472,3347,"1, 3347",3347,3346,2 · 7 · 239,"2, 7, 239","1, 2, 7, 14, 239, 478, 1673, 3346",239,8,3348,2^2 · 3^3 · 31,"2, 3, 31","1, 2, 3, 4, 6, 9, 12, 18, 27, 31, 36, 54, 62, 93, 108, 124, 186, 279, 372, 558, 837, 1116, 1674, 3348",31,24
473,3359,"1, 3359",3359,3358,2 · 23 · 73,"2, 23, 73","1, 2, 23, 46, 73, 146, 1679, 3358",73,8,3360,2^5 · 3 · 5 · 7,"2, 3, 5, 7","1, 2, 3, 4, 5, 6, 7, 8, 10, 12, 14, 15, 16, 20, 21, 24, 28, 30, 32, 35, 40, 42, 48, 56, 60, 70, 80, 84, 96, 105, 112, 120, 140, 160, 168, 210, 224, 240, 280, 336, 420, 480, 560, 672, 840, 1120, 1680, 3360",7,48
474,3361,"1, 3361",3361,3360,2^5 · 3 · 5 · 7,"2, 3, 5, 7","1, 2, 3, 4, 5, 6, 7, 8, 10, 12, 14, 15, 16, 20, 21, 24, 28, 30, 32, 35, 40, 42, 48, 56, 60, 70, 80, 84, 96, 105, 112, 120, 140, 160, 168, 210, 224, 240, 280, 336, 420, 480, 560, 672, 840, 1120, 1680, 3360",7,48,3362,2 · 41^2,"2, 41","1, 2, 41, 82, 1681, 3362",41,6
475,3371,"1, 3371",3371,3370,2 · 5 · 337,"2, 5, 337","1, 2, 5, 10, 337, 674, 1685, 3370",337,8,3372,2^2 · 3 · 281,"2, 3, 281","1, 2, 3, 4, 6, 12, 281, 562, 843, 1124, 1686, 3372",281,12
476,3373,"1, 3373",3373,3372,2^2 · 3 · 281,"2, 3, 281","1, 2, 3, 4, 6, 12, 281, 562, 843, 1124, 1686, 3372",281,12,3374,2 · 7 · 241,"2, 7, 241","1, 2, 7, 14, 241, 482, 1687, 3374",241,8
477,3389,"1, 3389",3389,3388,2^2 · 7 · 11^2,"2, 7, 11","1, 2, 4, 7, 11, 14, 22, 28, 44, 77, 121, 154, 242, 308, 484, 847, 1694, 3388",11,18,3390,2 · 3 · 5 · 113,"2, 3, 5, 113","1, 2, 3, 5, 6, 10, 15, 30, 113, 226, 339, 565, 678, 1130, 1695, 3390",113,16
478,3391,"1, 3391",3391,3390,2 · 3 · 5 · 113,"2, 3, 5, 113","1, 2, 3, 5, 6, 10, 15, 30, 113, 226, 339, 565, 678, 1130, 1695, 3390",113,16,3392,2^6 · 53,"2, 53","1, 2, 4, 8, 16, 32, 53, 64, 106, 212, 424, 848, 1696, 3392",53,14
479,3407,"1, 3407",3407,3406,2 · 13 · 131,"2, 13, 131","1, 2, 13, 26, 131, 262, 1703, 3406",131,8,3408,2^4 · 3 · 71,"2, 3, 71","1, 2, 3, 4, 6, 8, 12, 16, 24, 48, 71, 142, 213, 284, 426, 568, 852, 1136, 1704, 3408",71,20
480,3413,"1, 3413",3413,3412,2^2 · 853,"2, 853","1, 2, 4, 853, 1706, 3412",853,6,3414,2 · 3 · 569,"2, 3, 569","1, 2, 3, 6, 569, 1138, 1707, 3414",569,8
481,3433,"1, 3433",3433,3432,2^3 · 3 · 11 · 13,"2, 3, 11, 13","1, 2, 3, 4, 6, 8, 11, 12, 13, 22, 24, 26, 33, 39, 44, 52, 66, 78, 88, 104, 132, 143, 156, 264, 286, 312, 429, 572, 858, 1144, 1716, 3432",13,32,3434,2 · 17 · 101,"2, 17, 101","1, 2, 17, 34, 101, 202, 1717, 3434",101,8
482,3449,"1, 3449",3449,3448,2^3 · 431,"2, 431","1, 2, 4, 8, 431, 862, 1724, 3448",431,8,3450,2 · 3 · 5^2 · 23,"2, 3, 5, 23","1, 2, 3, 5, 6, 10, 15, 23, 25, 30, 46, 50, 69, 75, 115, 138, 150, 230, 345, 575, 690, 1150, 1725, 3450",23,24
483,3457,"1, 3457",3457,3456,2^7 · 3^3,"2, 3","1, 2, 3, 4, 6, 8, 9, 12, 16, 18, 24, 27, 32, 36, 48, 54, 64, 72, 96, 108, 128, 144, 192, 216, 288, 384, 432, 576, 864, 1152, 1728, 3456",3,32,3458,2 · 7 · 13 · 19,"2, 7, 13, 19","1, 2, 7, 13, 14, 19, 26, 38, 91, 133, 182, 247, 266, 494, 1729, 3458",19,16
484,3461,"1, 3461",3461,3460,2^2 · 5 · 173,"2, 5, 173","1, 2, 4, 5, 10, 20, 173, 346, 692, 865, 1730, 3460",173,12,3462,2 · 3 · 577,"2, 3, 577","1, 2, 3, 6, 577, 1154, 1731, 3462",577,8
485,3463,"1, 3463",3463,3462,2 · 3 · 577,"2, 3, 577","1, 2, 3, 6, 577, 1154, 1731, 3462",577,8,3464,2^3 · 433,"2, 433","1, 2, 4, 8, 433, 866, 1732, 3464",433,8
486,3467,"1, 3467",3467,3466,2 · 1733,"2, 1733","1, 2, 1733, 3466",1733,4,3468,2^2 · 3 · 17^2,"2, 3, 17","1, 2, 3, 4, 6, 12, 17, 34, 51, 68, 102, 204, 289, 578, 867, 1156, 1734, 3468",17,18
487,3469,"1, 3469",3469,3468,2^2 · 3 · 17^2,"2, 3, 17","1, 2, 3, 4, 6, 12, 17, 34, 51, 68, 102, 204, 289, 578, 867, 1156, 1734, 3468",17,18,3470,2 · 5 · 347,"2, 5, 347","1, 2, 5, 10, 347, 694, 1735, 3470",347,8
488,3491,"1, 3491",3491,3490,2 · 5 · 349,"2, 5, 349","1, 2, 5, 10, 349, 698, 1745, 3490",349,8,3492,2^2 · 3^2 · 97,"2, 3, 97","1, 2, 3, 4, 6, 9, 12, 18, 36, 97, 194, 291, 388, 582, 873, 1164, 1746, 3492",97,18
489,3499,"1, 3499",3499,3498,2 · 3 · 11 · 53,"2, 3, 11, 53","1, 2, 3, 6, 11, 22, 33, 53, 66, 106, 159, 318, 583, 1166, 1749, 3498",53,16,3500,2^2 · 5^3 · 7,"2, 5, 7","1, 2, 4, 5, 7, 10, 14, 20, 25, 28, 35, 50, 70, 100, 125, 140, 175, 250, 350, 500, 700, 875, 1750, 3500",7,24
490,3511,"1, 3511",3511,3510,2 · 3^3 · 5 · 13,"2, 3, 5, 13","1, 2, 3, 5, 6, 9, 10, 13, 15, 18, 26, 27, 30, 39, 45, 54, 65, 78, 90, 117, 130, 135, 195, 234, 270, 351, 390, 585, 702, 1170, 1755, 3510",13,32,3512,2^3 · 439,"2, 439","1, 2, 4, 8, 439, 878, 1756, 3512",439,8
491,3517,"1, 3517",3517,3516,2^2 · 3 · 293,"2, 3, 293","1, 2, 3, 4, 6, 12, 293, 586, 879, 1172, 1758, 3516",293,12,3518,2 · 1759,"2, 1759","1, 2, 1759, 3518",1759,4
492,3527,"1, 3527",3527,3526,2 · 41 · 43,"2, 41, 43","1, 2, 41, 43, 82, 86, 1763, 3526",43,8,3528,2^3 · 3^2 · 7^2,"2, 3, 7","1, 2, 3, 4, 6, 7, 8, 9, 12, 14, 18, 21, 24, 28, 36, 42, 49, 56, 63, 72, 84, 98, 126, 147, 168, 196, 252, 294, 392, 441, 504, 588, 882, 1176, 1764, 3528",7,36
493,3529,"1, 3529",3529,3528,2^3 · 3^2 · 7^2,"2, 3, 7","1, 2, 3, 4, 6, 7, 8, 9, 12, 14, 18, 21, 24, 28, 36, 42, 49, 56, 63, 72, 84, 98, 126, 147, 168, 196, 252, 294, 392, 441, 504, 588, 882, 1176, 1764, 3528",7,36,3530,2 · 5 · 353,"2, 5, 353","1, 2, 5, 10, 353, 706, 1765, 3530",353,8
494,3533,"1, 3533",3533,3532,2^2 · 883,"2, 883","1, 2, 4, 883, 1766, 3532",883,6,3534,2 · 3 · 19 · 31,"2, 3, 19, 31","1, 2, 3, 6, 19, 31, 38, 57, 62, 93, 114, 186, 589, 1178, 1767, 3534",31,16
495,3539,"1, 3539",3539,3538,2 · 29 · 61,"2, 29, 61","1, 2, 29, 58, 61, 122, 1769, 3538",61,8,3540,2^2 · 3 · 5 · 59,"2, 3, 5, 59","1, 2, 3, 4, 5, 6, 10, 12, 15, 20, 30, 59, 60, 118, 177, 236, 295, 354, 590, 708, 885, 1180, 1770, 3540",59,24
496,3541,"1, 3541",3541,3540,2^2 · 3 · 5 · 59,"2, 3, 5, 59","1, 2, 3, 4, 5, 6, 10, 12, 15, 20, 30, 59, 60, 118, 177, 236, 295, 354, 590, 708, 885, 1180, 1770, 3540",59,24,3542,2 · 7 · 11 · 23,"2, 7, 11, 23","1, 2, 7, 11, 14, 22, 23, 46, 77, 154, 161, 253, 322, 506, 1771, 3542",23,16
497,3547,"1, 3547",3547,3546,2 · 3^2 · 197,"2, 3, 197","1, 2, 3, 6, 9, 18, 197, 394, 591, 1182, 1773, 3546",197,12,3548,2^2 · 887,"2, 887","1, 2, 4, 887, 1774, 3548",887,6
498,3557,"1, 3557",3557,3556,2^2 · 7 · 127,"2, 7, 127","1, 2, 4, 7, 14, 28, 127, 254, 508, 889, 1778, 3556",127,12,3558,2 · 3 · 593,"2, 3, 593","1, 2, 3, 6, 593, 1186, 1779, 3558",593,8
499,3559,"1, 3559",3559,3558,2 · 3 · 593,"2, 3, 593","1, 2, 3, 6, 593, 1186, 1779, 3558",593,8,3560,2^3 · 5 · 89,"2, 5, 89","1, 2, 4, 5, 8, 10, 20, 40, 89, 178, 356, 445, 712, 890, 1780, 3560",89,16
500,3571,"1, 3571",3571,3570,2 · 3 · 5 · 7 · 17,"2, 3, 5, 7, 17","1, 2, 3, 5, 6, 7, 10, 14, 15, 17, 21, 30, 34, 35, 42, 51, 70, 85, 102, 105, 119, 170, 210, 238, 255, 357, 510, 595, 714, 1190, 1785, 3570",17,32,3572,2^2 · 19 · 47,"2, 19, 47","1, 2, 4, 19, 38, 47, 76, 94, 188, 893, 1786, 3572",47,12
501,3581,"1, 3581",3581,3580,2^2 · 5 · 179,"2, 5, 179","1, 2, 4, 5, 10, 20, 179, 358, 716, 895, 1790, 3580",179,12,3582,2 · 3^2 · 199,"2, 3, 199","1, 2, 3, 6, 9, 18, 199, 398, 597, 1194, 1791, 3582",199,12
502,3583,"1, 3583",3583,3582,2 · 3^2 · 199,"2, 3, 199","1, 2, 3, 6, 9, 18, 199, 398, 597, 1194, 1791, 3582",199,12,3584,2^9 · 7,"2, 7","1, 2, 4, 7, 8, 14, 16, 28, 32, 56, 64, 112, 128, 224, 256, 448, 512, 896, 1792, 3584",7,20
503,3593,"1, 3593",3593,3592,2^3 · 449,"2, 449","1, 2, 4, 8, 449, 898, 1796, 3592",449,8,3594,2 · 3 · 599,"2, 3, 599","1, 2, 3, 6, 599, 1198, 1797, 3594",599,8
504,3607,"1, 3607",3607,3606,2 · 3 · 601,"2, 3, 601","1, 2, 3, 6, 601, 1202, 1803, 3606",601,8,3608,2^3 · 11 · 41,"2, 11, 41","1, 2, 4, 8, 11, 22, 41, 44, 82, 88, 164, 328, 451, 902, 1804, 3608",41,16
505,3613,"1, 3613",3613,3612,2^2 · 3 · 7 · 43,"2, 3, 7, 43","1, 2, 3, 4, 6, 7, 12, 14, 21, 28, 42, 43, 84, 86, 129, 172, 258, 301, 516, 602, 903, 1204, 1806, 3612",43,24,3614,2 · 13 · 139,"2, 13, 139","1, 2, 13, 26, 139, 278, 1807, 3614",139,8
506,3617,"1, 3617",3617,3616,2^5 · 113,"2, 113","1, 2, 4, 8, 16, 32, 113, 226, 452, 904, 1808, 3616",113,12,3618,2 · 3^3 · 67,"2, 3, 67","1, 2, 3, 6, 9, 18, 27, 54, 67, 134, 201, 402, 603, 1206, 1809, 3618",67,16
507,3623,"1, 3623",3623,3622,2 · 1811,"2, 1811","1, 2, 1811, 3622",1811,4,3624,2^3 · 3 · 151,"2, 3, 151","1, 2, 3, 4, 6, 8, 12, 24, 151, 302, 453, 604, 906, 1208, 1812, 3624",151,16
508,3631,"1, 3631",3631,3630,2 · 3 · 5 · 11^2,"2, 3, 5, 11","1, 2, 3, 5, 6, 10, 11, 15, 22, 30, 33, 55, 66, 110, 121, 165, 242, 330, 363, 605, 726, 1210, 1815, 3630",11,24,3632,2^4 · 227,"2, 227","1, 2, 4, 8, 16, 227, 454, 908, 1816, 3632",227,10
509,3637,"1, 3637",3637,3636,2^2 · 3^2 · 101,"2, 3, 101","1, 2, 3, 4, 6, 9, 12, 18, 36, 101, 202, 303, 404, 606, 909, 1212, 1818, 3636",101,18,3638,2 · 17 · 107,"2, 17, 107","1, 2, 17, 34, 107, 214, 1819, 3638",107,8
510,3643,"1, 3643",3643,3642,2 · 3 · 607,"2, 3, 607","1, 2, 3, 6, 607, 1214, 1821, 3642",607,8,3644,2^2 · 911,"2, 911","1, 2, 4, 911, 1822, 3644",911,6
511,3659,"1, 3659",3659,3658,2 · 31 · 59,"2, 31, 59","1, 2, 31, 59, 62, 118, 1829, 3658",59,8,3660,2^2 · 3 · 5 · 61,"2, 3, 5, 61","1, 2, 3, 4, 5, 6, 10, 12, 15, 20, 30, 60, 61, 122, 183, 244, 305, 366, 610, 732, 915, 1220, 1830, 3660",61,24
512,3671,"1, 3671",3671,3670,2 · 5 · 367,"2, 5, 367","1, 2, 5, 10, 367, 734, 1835, 3670",367,8,3672,2^3 · 3^3 · 17,"2, 3, 17","1, 2, 3, 4, 6, 8, 9, 12, 17, 18, 24, 27, 34, 36, 51, 54, 68, 72, 102, 108, 136, 153, 204, 216, 306, 408, 459, 612, 918, 1224, 1836, 3672",17,32
513,3673,"1, 3673",3673,3672,2^3 · 3^3 · 17,"2, 3, 17","1, 2, 3, 4, 6, 8, 9, 12, 17, 18, 24, 27, 34, 36, 51, 54, 68, 72, 102, 108, 136, 153, 204, 216, 306, 408, 459, 612, 918, 1224, 1836, 3672",17,32,3674,2 · 11 · 167,"2, 11, 167","1, 2, 11, 22, 167, 334, 1837, 3674",167,8
514,3677,"1, 3677",3677,3676,2^2 · 919,"2, 919","1, 2, 4, 919, 1838, 3676",919,6,3678,2 · 3 · 613,"2, 3, 613","1, 2, 3, 6, 613, 1226, 1839, 3678",613,8
515,3691,"1, 3691",3691,3690,2 · 3^2 · 5 · 41,"2, 3, 5, 41","1, 2, 3, 5, 6, 9, 10, 15, 18, 30, 41, 45, 82, 90, 123, 205, 246, 369, 410, 615, 738, 1230, 1845, 3690",41,24,3692,2^2 · 13 · 71,"2, 13, 71","1, 2, 4, 13, 26, 52, 71, 142, 284, 923, 1846, 3692",71,12
516,3697,"1, 3697",3697,3696,2^4 · 3 · 7 · 11,"2, 3, 7, 11","1, 2, 3, 4, 6, 7, 8, 11, 12, 14, 16, 21, 22, 24, 28, 33, 42, 44, 48, 56, 66, 77, 84, 88, 112, 132, 154, 168, 176, 231, 264, 308, 336, 462, 528, 616, 924, 1232, 1848, 3696",11,40,3698,2 · 43^2,"2, 43","1, 2, 43, 86, 1849, 3698",43,6
517,3701,"1, 3701",3701,3700,2^2 · 5^2 · 37,"2, 5, 37","1, 2, 4, 5, 10, 20, 25, 37, 50, 74, 100, 148, 185, 370, 740, 925, 1850, 3700",37,18,3702,2 · 3 · 617,"2, 3, 617","1, 2, 3, 6, 617, 1234, 1851, 3702",617,8
518,3709,"1, 3709",3709,3708,2^2 · 3^2 · 103,"2, 3, 103","1, 2, 3, 4, 6, 9, 12, 18, 36, 103, 206, 309, 412, 618, 927, 1236, 1854, 3708",103,18,3710,2 · 5 · 7 · 53,"2, 5, 7, 53","1, 2, 5, 7, 10, 14, 35, 53, 70, 106, 265, 371, 530, 742, 1855, 3710",53,16
519,3719,"1, 3719",3719,3718,2 · 11 · 13^2,"2, 11, 13","1, 2, 11, 13, 22, 26, 143, 169, 286, 338, 1859, 3718",13,12,3720,2^3 · 3 · 5 · 31,"2, 3, 5, 31","1, 2, 3, 4, 5, 6, 8, 10, 12, 15, 20, 24, 30, 31, 40, 60, 62, 93, 120, 124, 155, 186, 248, 310, 372, 465, 620, 744, 930, 1240, 1860, 3720",31,32
520,3727,"1, 3727",3727,3726,2 · 3^4 · 23,"2, 3, 23","1, 2, 3, 6, 9, 18, 23, 27, 46, 54, 69, 81, 138, 162, 207, 414, 621, 1242, 1863, 3726",23,20,3728,2^4 · 233,"2, 233","1, 2, 4, 8, 16, 233, 466, 932, 1864, 3728",233,10
521,3733,"1, 3733",3733,3732,2^2 · 3 · 311,"2, 3, 311","1, 2, 3, 4, 6, 12, 311, 622, 933, 1244, 1866, 3732",311,12,3734,2 · 1867,"2, 1867","1, 2, 1867, 3734",1867,4
522,3739,"1, 3739",3739,3738,2 · 3 · 7 · 89,"2, 3, 7, 89","1, 2, 3, 6, 7, 14, 21, 42, 89, 178, 267, 534, 623, 1246, 1869, 3738",89,16,3740,2^2 · 5 · 11 · 17,"2, 5, 11, 17","1, 2, 4, 5, 10, 11, 17, 20, 22, 34, 44, 55, 68, 85, 110, 170, 187, 220, 340, 374, 748, 935, 1870, 3740",17,24
523,3761,"1, 3761",3761,3760,2^4 · 5 · 47,"2, 5, 47","1, 2, 4, 5, 8, 10, 16, 20, 40, 47, 80, 94, 188, 235, 376, 470, 752, 940, 1880, 3760",47,20,3762,2 · 3^2 · 11 · 19,"2, 3, 11, 19","1, 2, 3, 6, 9, 11, 18, 19, 22, 33, 38, 57, 66, 99, 114, 171, 198, 209, 342, 418, 627, 1254, 1881, 3762",19,24
524,3767,"1, 3767",3767,3766,2 · 7 · 269,"2, 7, 269","1, 2, 7, 14, 269, 538, 1883, 3766",269,8,3768,2^3 · 3 · 157,"2, 3, 157","1, 2, 3, 4, 6, 8, 12, 24, 157, 314, 471, 628, 942, 1256, 1884, 3768",157,16
525,3769,"1, 3769",3769,3768,2^3 · 3 · 157,"2, 3, 157","1, 2, 3, 4, 6, 8, 12, 24, 157, 314, 471, 628, 942, 1256, 1884, 3768",157,16,3770,2 · 5 · 13 · 29,"2, 5, 13, 29","1, 2, 5, 10, 13, 26, 29, 58, 65, 130, 145, 290, 377, 754, 1885, 3770",29,16
526,3779,"1, 3779",3779,3778,2 · 1889,"2, 1889","1, 2, 1889, 3778",1889,4,3780,2^2 · 3^3 · 5 · 7,"2, 3, 5, 7","1, 2, 3, 4, 5, 6, 7, 9, 10, 12, 14, 15, 18, 20, 21, 27, 28, 30, 35, 36, 42, 45, 54, 60, 63, 70, 84, 90, 105, 108, 126, 135, 140, 180, 189, 210, 252, 270, 315, 378, 420, 540, 630, 756, 945, 1260, 1890, 3780",7,48
527,3793,"1, 3793",3793,3792,2^4 · 3 · 79,"2, 3, 79","1, 2, 3, 4, 6, 8, 12, 16, 24, 48, 79, 158, 237, 316, 474, 632, 948, 1264, 1896, 3792",79,20,3794,2 · 7 · 271,"2, 7, 271","1, 2, 7, 14, 271, 542, 1897, 3794",271,8
528,3797,"1, 3797",3797,3796,2^2 · 13 · 73,"2, 13, 73","1, 2, 4, 13, 26, 52, 73, 146, 292, 949, 1898, 3796",73,12,3798,2 · 3^2 · 211,"2, 3, 211","1, 2, 3, 6, 9, 18, 211, 422, 633, 1266, 1899, 3798",211,12
529,3803,"1, 3803",3803,3802,2 · 1901,"2, 1901","1, 2, 1901, 3802",1901,4,3804,2^2 · 3 · 317,"2, 3, 317","1, 2, 3, 4, 6, 12, 317, 634, 951, 1268, 1902, 3804",317,12
530,3821,"1, 3821",3821,3820,2^2 · 5 · 191,"2, 5, 191","1, 2, 4, 5, 10, 20, 191, 382, 764, 955, 1910, 3820",191,12,3822,2 · 3 · 7^2 · 13,"2, 3, 7, 13","1, 2, 3, 6, 7, 13, 14, 21, 26, 39, 42, 49, 78, 91, 98, 147, 182, 273, 294, 546, 637, 1274, 1911, 3822",13,24
531,3823,"1, 3823",3823,3822,2 · 3 · 7^2 · 13,"2, 3, 7, 13","1, 2, 3, 6, 7, 13, 14, 21, 26, 39, 42, 49, 78, 91, 98, 147, 182, 273, 294, 546, 637, 1274, 1911, 3822",13,24,3824,2^4 · 239,"2, 239","1, 2, 4, 8, 16, 239, 478, 956, 1912, 3824",239,10
532,3833,"1, 3833",3833,3832,2^3 · 479,"2, 479","1, 2, 4, 8, 479, 958, 1916, 3832",479,8,3834,2 · 3^3 · 71,"2, 3, 71","1, 2, 3, 6, 9, 18, 27, 54, 71, 142, 213, 426, 639, 1278, 1917, 3834",71,16
533,3847,"1, 3847",3847,3846,2 · 3 · 641,"2, 3, 641","1, 2, 3, 6, 641, 1282, 1923, 3846",641,8,3848,2^3 · 13 · 37,"2, 13, 37","1, 2, 4, 8, 13, 26, 37, 52, 74, 104, 148, 296, 481, 962, 1924, 3848",37,16
534,3851,"1, 3851",3851,3850,2 · 5^2 · 7 · 11,"2, 5, 7, 11","1, 2, 5, 7, 10, 11, 14, 22, 25, 35, 50, 55, 70, 77, 110, 154, 175, 275, 350, 385, 550, 770, 1925, 3850",11,24,3852,2^2 · 3^2 · 107,"2, 3, 107","1, 2, 3, 4, 6, 9, 12, 18, 36, 107, 214, 321, 428, 642, 963, 1284, 1926, 3852",107,18
535,3853,"1, 3853",3853,3852,2^2 · 3^2 · 107,"2, 3, 107","1, 2, 3, 4, 6, 9, 12, 18, 36, 107, 214, 321, 428, 642, 963, 1284, 1926, 3852",107,18,3854,2 · 41 · 47,"2, 41, 47","1, 2, 41, 47, 82, 94, 1927, 3854",47,8
536,3863,"1, 3863",3863,3862,2 · 1931,"2, 1931","1, 2, 1931, 3862",1931,4,3864,2^3 · 3 · 7 · 23,"2, 3, 7, 23","1, 2, 3, 4, 6, 7, 8, 12, 14, 21, 23, 24, 28, 42, 46, 56, 69, 84, 92, 138, 161, 168, 184, 276, 322, 483, 552, 644, 966, 1288, 1932, 3864",23,32
537,3877,"1, 3877",3877,3876,2^2 · 3 · 17 · 19,"2, 3, 17, 19","1, 2, 3, 4, 6, 12, 17, 19, 34, 38, 51, 57, 68, 76, 102, 114, 204, 228, 323, 646, 969, 1292, 1938, 3876",19,24,3878,2 · 7 · 277,"2, 7, 277","1, 2, 7, 14, 277, 554, 1939, 3878",277,8
538,3881,"1, 3881",3881,3880,2^3 · 5 · 97,"2, 5, 97","1, 2, 4, 5, 8, 10, 20, 40, 97, 194, 388, 485, 776, 970, 1940, 3880",97,16,3882,2 · 3 · 647,"2, 3, 647","1, 2, 3, 6, 647, 1294, 1941, 3882",647,8
539,3889,"1, 3889",3889,3888,2^4 · 3^5,"2, 3","1, 2, 3, 4, 6, 8, 9, 12, 16, 18, 24, 27, 36, 48, 54, 72, 81, 108, 144, 162, 216, 243, 324, 432, 486, 648, 972, 1296, 1944, 3888",3,30,3890,2 · 5 · 389,"2, 5, 389","1, 2, 5, 10, 389, 778, 1945, 3890",389,8
540,3907,"1, 3907",3907,3906,2 · 3^2 · 7 · 31,"2, 3, 7, 31","1, 2, 3, 6, 7, 9, 14, 18, 21, 31, 42, 62, 63, 93, 126, 186, 217, 279, 434, 558, 651, 1302, 1953, 3906",31,24,3908,2^2 · 977,"2, 977","1, 2, 4, 977, 1954, 3908",977,6
541,3911,"1, 3911",3911,3910,2 · 5 · 17 · 23,"2, 5, 17, 23","1, 2, 5, 10, 17, 23, 34, 46, 85, 115, 170, 230, 391, 782, 1955, 3910",23,16,3912,2^3 · 3 · 163,"2, 3, 163","1, 2, 3, 4, 6, 8, 12, 24, 163, 326, 489, 652, 978, 1304, 1956, 3912",163,16
542,3917,"1, 3917",3917,3916,2^2 · 11 · 89,"2, 11, 89","1, 2, 4, 11, 22, 44, 89, 178, 356, 979, 1958, 3916",89,12,3918,2 · 3 · 653,"2, 3, 653","1, 2, 3, 6, 653, 1306, 1959, 3918",653,8
543,3919,"1, 3919",3919,3918,2 · 3 · 653,"2, 3, 653","1, 2, 3, 6, 653, 1306, 1959, 3918",653,8,3920,2^4 · 5 · 7^2,"2, 5, 7","1, 2, 4, 5, 7, 8, 10, 14, 16, 20, 28, 35, 40, 49, 56, 70, 80, 98, 112, 140, 196, 245, 280, 392, 490, 560, 784, 980, 1960, 3920",7,30
544,3923,"1, 3923",3923,3922,2 · 37 · 53,"2, 37, 53","1, 2, 37, 53, 74, 106, 1961, 3922",53,8,3924,2^2 · 3^2 · 109,"2, 3, 109","1, 2, 3, 4, 6, 9, 12, 18, 36, 109, 218, 327, 436, 654, 981, 1308, 1962, 3924",109,18
545,3929,"1, 3929",3929,3928,2^3 · 491,"2, 491","1, 2, 4, 8, 491, 982, 1964, 3928",491,8,3930,2 · 3 · 5 · 131,"2, 3, 5, 131","1, 2, 3, 5, 6, 10, 15, 30, 131, 262, 393, 655, 786, 1310, 1965, 3930",131,16
546,3931,"1, 3931",3931,3930,2 · 3 · 5 · 131,"2, 3, 5, 131","1, 2, 3, 5, 6, 10, 15, 30, 131, 262, 393, 655, 786, 1310, 1965, 3930",131,16,3932,2^2 · 983,"2, 983","1, 2, 4, 983, 1966, 3932",983,6
547,3943,"1, 3943",3943,3942,2 · 3^3 · 73,"2, 3, 73","1, 2, 3, 6, 9, 18, 27, 54, 73, 146, 219, 438, 657, 1314, 1971, 3942",73,16,3944,2^3 · 17 · 29,"2, 17, 29","1, 2, 4, 8, 17, 29, 34, 58, 68, 116, 136, 232, 493, 986, 1972, 3944",29,16
548,3947,"1, 3947",3947,3946,2 · 1973,"2, 1973","1, 2, 1973, 3946",1973,4,3948,2^2 · 3 · 7 · 47,"2, 3, 7, 47","1, 2, 3, 4, 6, 7, 12, 14, 21, 28, 42, 47, 84, 94, 141, 188, 282, 329, 564, 658, 987, 1316, 1974, 3948",47,24
549,3967,"1, 3967",3967,3966,2 · 3 · 661,"2, 3, 661","1, 2, 3, 6, 661, 1322, 1983, 3966",661,8,3968,2^7 · 31,"2, 31","1, 2, 4, 8, 16, 31, 32, 62, 64, 124, 128, 248, 496, 992, 1984, 3968",31,16
550,3989,"1, 3989",3989,3988,2^2 · 997,"2, 997","1, 2, 4, 997, 1994, 3988",997,6,3990,2 · 3 · 5 · 7 · 19,"2, 3, 5, 7, 19","1, 2, 3, 5, 6, 7, 10, 14, 15, 19, 21, 30, 35, 38, 42, 57, 70, 95, 105, 114, 133, 190, 210, 266, 285, 399, 570, 665, 798, 1330, 1995, 3990",19,32
551,4001,"1, 4001",4001,4000,2^5 · 5^3,"2, 5","1, 2, 4, 5, 8, 10, 16, 20, 25, 32, 40, 50, 80, 100, 125, 160, 200, 250, 400, 500, 800, 1000, 2000, 4000",5,24,4002,2 · 3 · 23 · 29,"2, 3, 23, 29","1, 2, 3, 6, 23, 29, 46, 58, 69, 87, 138, 174, 667, 1334, 2001, 4002",29,16
552,4003,"1, 4003",4003,4002,2 · 3 · 23 · 29,"2, 3, 23, 29","1, 2, 3, 6, 23, 29, 46, 58, 69, 87, 138, 174, 667, 1334, 2001, 4002",29,16,4004,2^2 · 7 · 11 · 13,"2, 7, 11, 13","1, 2, 4, 7, 11, 13, 14, 22, 26, 28, 44, 52, 77, 91, 143, 154, 182, 286, 308, 364, 572, 1001, 2002, 4004",13,24
553,4007,"1, 4007",4007,4006,2 · 2003,"2, 2003","1, 2, 2003, 4006",2003,4,4008,2^3 · 3 · 167,"2, 3, 167","1, 2, 3, 4, 6, 8, 12, 24, 167, 334, 501, 668, 1002, 1336, 2004, 4008",167,16
554,4013,"1, 4013",4013,4012,2^2 · 17 · 59,"2, 17, 59","1, 2, 4, 17, 34, 59, 68, 118, 236, 1003, 2006, 4012",59,12,4014,2 · 3^2 · 223,"2, 3, 223","1, 2, 3, 6, 9, 18, 223, 446, 669, 1338, 2007, 4014",223,12
555,4019,"1, 4019",4019,4018,2 · 7^2 · 41,"2, 7, 41","1, 2, 7, 14, 41, 49, 82, 98, 287, 574, 2009, 4018",41,12,4020,2^2 · 3 · 5 · 67,"2, 3, 5, 67","1, 2, 3, 4, 5, 6, 10, 12, 15, 20, 30, 60, 67, 134, 201, 268, 335, 402, 670, 804, 1005, 1340, 2010, 4020",67,24
556,4021,"1, 4021",4021,4020,2^2 · 3 · 5 · 67,"2, 3, 5, 67","1, 2, 3, 4, 5, 6, 10, 12, 15, 20, 30, 60, 67, 134, 201, 268, 335, 402, 670, 804, 1005, 1340, 2010, 4020",67,24,4022,2 · 2011,"2, 2011","1, 2, 2011, 4022",2011,4
557,4027,"1, 4027",4027,4026,2 · 3 · 11 · 61,"2, 3, 11, 61","1, 2, 3, 6, 11, 22, 33, 61, 66, 122, 183, 366, 671, 1342, 2013, 4026",61,16,4028,2^2 · 19 · 53,"2, 19, 53","1, 2, 4, 19, 38, 53, 76, 106, 212, 1007, 2014, 4028",53,12
558,4049,"1, 4049",4049,4048,2^4 · 11 · 23,"2, 11, 23","1, 2, 4, 8, 11, 16, 22, 23, 44, 46, 88, 92, 176, 184, 253, 368, 506, 1012, 2024, 4048",23,20,4050,2 · 3^4 · 5^2,"2, 3, 5","1, 2, 3, 5, 6, 9, 10, 15, 18, 25, 27, 30, 45, 50, 54, 75, 81, 90, 135, 150, 162, 225, 270, 405, 450, 675, 810, 1350, 2025, 4050",5,30
559,4051,"1, 4051",4051,4050,2 · 3^4 · 5^2,"2, 3, 5","1, 2, 3, 5, 6, 9, 10, 15, 18, 25, 27, 30, 45, 50, 54, 75, 81, 90, 135, 150, 162, 225, 270, 405, 450, 675, 810, 1350, 2025, 4050",5,30,4052,2^2 · 1013,"2, 1013","1, 2, 4, 1013, 2026, 4052",1013,6
560,4057,"1, 4057",4057,4056,2^3 · 3 · 13^2,"2, 3, 13","1, 2, 3, 4, 6, 8, 12, 13, 24, 26, 39, 52, 78, 104, 156, 169, 312, 338, 507, 676, 1014, 1352, 2028, 4056",13,24,4058,2 · 2029,"2, 2029","1, 2, 2029, 4058",2029,4
561,4073,"1, 4073",4073,4072,2^3 · 509,"2, 509","1, 2, 4, 8, 509, 1018, 2036, 4072",509,8,4074,2 · 3 · 7 · 97,"2, 3, 7, 97","1, 2, 3, 6, 7, 14, 21, 42, 97, 194, 291, 582, 679, 1358, 2037, 4074",97,16
562,4079,"1, 4079",4079,4078,2 · 2039,"2, 2039","1, 2, 2039, 4078",2039,4,4080,2^4 · 3 · 5 · 17,"2, 3, 5, 17","1, 2, 3, 4, 5, 6, 8, 10, 12, 15, 16, 17, 20, 24, 30, 34, 40, 48, 51, 60, 68, 80, 85, 102, 120, 136, 170, 204, 240, 255, 272, 340, 408, 510, 680, 816, 1020, 1360, 2040, 4080",17,40
563,4091,"1, 4091",4091,4090,2 · 5 · 409,"2, 5, 409","1, 2, 5, 10, 409, 818, 2045, 4090",409,8,4092,2^2 · 3 · 11 · 31,"2, 3, 11, 31","1, 2, 3, 4, 6, 11, 12, 22, 31, 33, 44, 62, 66, 93, 124, 132, 186, 341, 372, 682, 1023, 1364, 2046, 4092",31,24
564,4093,"1, 4093",4093,4092,2^2 · 3 · 11 · 31,"2, 3, 11, 31","1, 2, 3, 4, 6, 11, 12, 22, 31, 33, 44, 62, 66, 93, 124, 132, 186, 341, 372, 682, 1023, 1364, 2046, 4092",31,24,4094,2 · 23 · 89,"2, 23, 89","1, 2, 23, 46, 89, 178, 2047, 4094",89,8
565,4099,"1, 4099",4099,4098,2 · 3 · 683,"2, 3, 683","1, 2, 3, 6, 683, 1366, 2049, 4098",683,8,4100,2^2 · 5^2 · 41,"2, 5, 41","1, 2, 4, 5, 10, 20, 25, 41, 50, 82, 100, 164, 205, 410, 820, 1025, 2050, 4100",41,18
566,4111,"1, 4111",4111,4110,2 · 3 · 5 · 137,"2, 3, 5, 137","1, 2, 3, 5, 6, 10, 15, 30, 137, 274, 411, 685, 822, 1370, 2055, 4110",137,16,4112,2^4 · 257,"2, 257","1, 2, 4, 8, 16, 257, 514, 1028, 2056, 4112",257,10
567,4127,"1, 4127",4127,4126,2 · 2063,"2, 2063","1, 2, 2063, 4126",2063,4,4128,2^5 · 3 · 43,"2, 3, 43","1, 2, 3, 4, 6, 8, 12, 16, 24, 32, 43, 48, 86, 96, 129, 172, 258, 344, 516, 688, 1032, 1376, 2064, 4128",43,24
568,4129,"1, 4129",4129,4128,2^5 · 3 · 43,"2, 3, 43","1, 2, 3, 4, 6, 8, 12, 16, 24, 32, 43, 48, 86, 96, 129, 172, 258, 344, 516, 688, 1032, 1376, 2064, 4128",43,24,4130,2 · 5 · 7 · 59,"2, 5, 7, 59","1, 2, 5, 7, 10, 14, 35, 59, 70, 118, 295, 413, 590, 826, 2065, 4130",59,16
569,4133,"1, 4133",4133,4132,2^2 · 1033,"2, 1033","1, 2, 4, 1033, 2066, 4132",1033,6,4134,2 · 3 · 13 · 53,"2, 3, 13, 53","1, 2, 3, 6, 13, 26, 39, 53, 78, 106, 159, 318, 689, 1378, 2067, 4134",53,16
570,4139,"1, 4139",4139,4138,2 · 2069,"2, 2069","1, 2, 2069, 4138",2069,4,4140,2^2 · 3^2 · 5 · 23,"2, 3, 5, 23","1, 2, 3, 4, 5, 6, 9, 10, 12, 15, 18, 20, 23, 30, 36, 45, 46, 60, 69, 90, 92, 115, 138, 180, 207, 230, 276, 345, 414, 460, 690, 828, 1035, 1380, 2070, 4140",23,36
571,4153,"1, 4153",4153,4152,2^3 · 3 · 173,"2, 3, 173","1, 2, 3, 4, 6, 8, 12, 24, 173, 346, 519, 692, 1038, 1384, 2076, 4152",173,16,4154,2 · 31 · 67,"2, 31, 67","1, 2, 31, 62, 67, 134, 2077, 4154",67,8
572,4157,"1, 4157",4157,4156,2^2 · 1039,"2, 1039","1, 2, 4, 1039, 2078, 4156",1039,6,4158,2 · 3^3 · 7 · 11,"2, 3, 7, 11","1, 2, 3, 6, 7, 9, 11, 14, 18, 21, 22, 27, 33, 42, 54, 63, 66, 77, 99, 126, 154, 189, 198, 231, 297, 378, 462, 594, 693, 1386, 2079, 4158",11,32
573,4159,"1, 4159",4159,4158,2 · 3^3 · 7 · 11,"2, 3, 7, 11","1, 2, 3, 6, 7, 9, 11, 14, 18, 21, 22, 27, 33, 42, 54, 63, 66, 77, 99, 126, 154, 189, 198, 231, 297, 378, 462, 594, 693, 1386, 2079, 4158",11,32,4160,2^6 · 5 · 13,"2, 5, 13","1, 2, 4, 5, 8, 10, 13, 16, 20, 26, 32, 40, 52, 64, 65, 80, 104, 130, 160, 208, 260, 320, 416, 520, 832, 1040, 2080, 4160",13,28
574,4177,"1, 4177",4177,4176,2^4 · 3^2 · 29,"2, 3, 29","1, 2, 3, 4, 6, 8, 9, 12, 16, 18, 24, 29, 36, 48, 58, 72, 87, 116, 144, 174, 232, 261, 348, 464, 522, 696, 1044, 1392, 2088, 4176",29,30,4178,2 · 2089,"2, 2089","1, 2, 2089, 4178",2089,4
575,4201,"1, 4201",4201,4200,2^3 · 3 · 5^2 · 7,"2, 3, 5, 7","1, 2, 3, 4, 5, 6, 7, 8, 10, 12, 14, 15, 20, 21, 24, 25, 28, 30, 35, 40, 42, 50, 56, 60, 70, 75, 84, 100, 105, 120, 140, 150, 168, 175, 200, 210, 280, 300, 350, 420, 525, 600, 700, 840, 1050, 1400, 2100, 4200",7,48,4202,2 · 11 · 191,"2, 11, 191","1, 2, 11, 22, 191, 382, 2101, 4202",191,8
576,4211,"1, 4211",4211,4210,2 · 5 · 421,"2, 5, 421","1, 2, 5, 10, 421, 842, 2105, 4210",421,8,4212,2^2 · 3^4 · 13,"2, 3, 13","1, 2, 3, 4, 6, 9, 12, 13, 18, 26, 27, 36, 39, 52, 54, 78, 81, 108, 117, 156, 162, 234, 324, 351, 468, 702, 1053, 1404, 2106, 4212",13,30
577,4217,"1, 4217",4217,4216,2^3 · 17 · 31,"2, 17, 31","1, 2, 4, 8, 17, 31, 34, 62, 68, 124, 136, 248, 527, 1054, 2108, 4216",31,16,4218,2 · 3 · 19 · 37,"2, 3, 19, 37","1, 2, 3, 6, 19, 37, 38, 57, 74, 111, 114, 222, 703, 1406, 2109, 4218",37,16
578,4219,"1, 4219",4219,4218,2 · 3 · 19 · 37,"2, 3, 19, 37","1, 2, 3, 6, 19, 37, 38, 57, 74, 111, 114, 222, 703, 1406, 2109, 4218",37,16,4220,2^2 · 5 · 211,"2, 5, 211","1, 2, 4, 5, 10, 20, 211, 422, 844, 1055, 2110, 4220",211,12
579,4229,"1, 4229",4229,4228,2^2 · 7 · 151,"2, 7, 151","1, 2, 4, 7, 14, 28, 151, 302, 604, 1057, 2114, 4228",151,12,4230,2 · 3^2 · 5 · 47,"2, 3, 5, 47","1, 2, 3, 5, 6, 9, 10, 15, 18, 30, 45, 47, 90, 94, 141, 235, 282, 423, 470, 705, 846, 1410, 2115, 4230",47,24
580,4231,"1, 4231",4231,4230,2 · 3^2 · 5 · 47,"2, 3, 5, 47","1, 2, 3, 5, 6, 9, 10, 15, 18, 30, 45, 47, 90, 94, 141, 235, 282, 423, 470, 705, 846, 1410, 2115, 4230",47,24,4232,2^3 · 23^2,"2, 23","1, 2, 4, 8, 23, 46, 92, 184, 529, 1058, 2116, 4232",23,12
581,4241,"1, 4241",4241,4240,2^4 · 5 · 53,"2, 5, 53","1, 2, 4, 5, 8, 10, 16, 20, 40, 53, 80, 106, 212, 265, 424, 530, 848, 1060, 2120, 4240",53,20,4242,2 · 3 · 7 · 101,"2, 3, 7, 101","1, 2, 3, 6, 7, 14, 21, 42, 101, 202, 303, 606, 707, 1414, 2121, 4242",101,16
582,4243,"1, 4243",4243,4242,2 · 3 · 7 · 101,"2, 3, 7, 101","1, 2, 3, 6, 7, 14, 21, 42, 101, 202, 303, 606, 707, 1414, 2121, 4242",101,16,4244,2^2 · 1061,"2, 1061","1, 2, 4, 1061, 2122, 4244",1061,6
583,4253,"1, 4253",4253,4252,2^2 · 1063,"2, 1063","1, 2, 4, 1063, 2126, 4252",1063,6,4254,2 · 3 · 709,"2, 3, 709","1, 2, 3, 6, 709, 1418, 2127, 4254",709,8
584,4259,"1, 4259",4259,4258,2 · 2129,"2, 2129","1, 2, 2129, 4258",2129,4,4260,2^2 · 3 · 5 · 71,"2, 3, 5, 71","1, 2, 3, 4, 5, 6, 10, 12, 15, 20, 30, 60, 71, 142, 213, 284, 355, 426, 710, 852, 1065, 1420, 2130, 4260",71,24
585,4261,"1, 4261",4261,4260,2^2 · 3 · 5 · 71,"2, 3, 5, 71","1, 2, 3, 4, 5, 6, 10, 12, 15, 20, 30, 60, 71, 142, 213, 284, 355, 426, 710, 852, 1065, 1420, 2130, 4260",71,24,4262,2 · 2131,"2, 2131","1, 2, 2131, 4262",2131,4
586,4271,"1, 4271",4271,4270,2 · 5 · 7 · 61,"2, 5, 7, 61","1, 2, 5, 7, 10, 14, 35, 61, 70, 122, 305, 427, 610, 854, 2135, 4270",61,16,4272,2^4 · 3 · 89,"2, 3, 89","1, 2, 3, 4, 6, 8, 12, 16, 24, 48, 89, 178, 267, 356, 534, 712, 1068, 1424, 2136, 4272",89,20
587,4273,"1, 4273",4273,4272,2^4 · 3 · 89,"2, 3, 89","1, 2, 3, 4, 6, 8, 12, 16, 24, 48, 89, 178, 267, 356, 534, 712, 1068, 1424, 2136, 4272",89,20,4274,2 · 2137,"2, 2137","1, 2, 2137, 4274",2137,4
588,4283,"1, 4283",4283,4282,2 · 2141,"2, 2141","1, 2, 2141, 4282",2141,4,4284,2^2 · 3^2 · 7 · 17,"2, 3, 7, 17","1, 2, 3, 4, 6, 7, 9, 12, 14, 17, 18, 21, 28, 34, 36, 42, 51, 63, 68, 84, 102, 119, 126, 153, 204, 238, 252, 306, 357, 476, 612, 714, 1071, 1428, 2142, 4284",17,36
589,4289,"1, 4289",4289,4288,2^6 · 67,"2, 67","1, 2, 4, 8, 16, 32, 64, 67, 134, 268, 536, 1072, 2144, 4288",67,14,4290,2 · 3 · 5 · 11 · 13,"2, 3, 5, 11, 13","1, 2, 3, 5, 6, 10, 11, 13, 15, 22, 26, 30, 33, 39, 55, 65, 66, 78, 110, 130, 143, 165, 195, 286, 330, 390, 429, 715, 858, 1430, 2145, 4290",13,32
590,4297,"1, 4297",4297,4296,2^3 · 3 · 179,"2, 3, 179","1, 2, 3, 4, 6, 8, 12, 24, 179, 358, 537, 716, 1074, 1432, 2148, 4296",179,16,4298,2 · 7 · 307,"2, 7, 307","1, 2, 7, 14, 307, 614, 2149, 4298",307,8
591,4327,"1, 4327",4327,4326,2 · 3 · 7 · 103,"2, 3, 7, 103","1, 2, 3, 6, 7, 14, 21, 42, 103, 206, 309, 618, 721, 1442, 2163, 4326",103,16,4328,2^3 · 541,"2, 541","1, 2, 4, 8, 541, 1082, 2164, 4328",541,8
592,4337,"1, 4337",4337,4336,2^4 · 271,"2, 271","1, 2, 4, 8, 16, 271, 542, 1084, 2168, 4336",271,10,4338,2 · 3^2 · 241,"2, 3, 241","1, 2, 3, 6, 9, 18, 241, 482, 723, 1446, 2169, 4338",241,12
593,4339,"1, 4339",4339,4338,2 · 3^2 · 241,"2, 3, 241","1, 2, 3, 6, 9, 18, 241, 482, 723, 1446, 2169, 4338",241,12,4340,2^2 · 5 · 7 · 31,"2, 5, 7, 31","1, 2, 4, 5, 7, 10, 14, 20, 28, 31, 35, 62, 70, 124, 140, 155, 217, 310, 434, 620, 868, 1085, 2170, 4340",31,24
594,4349,"1, 4349",4349,4348,2^2 · 1087,"2, 1087","1, 2, 4, 1087, 2174, 4348",1087,6,4350,2 · 3 · 5^2 · 29,"2, 3, 5, 29","1, 2, 3, 5, 6, 10, 15, 25, 29, 30, 50, 58, 75, 87, 145, 150, 174, 290, 435, 725, 870, 1450, 2175, 4350",29,24
595,4357,"1, 4357",4357,4356,2^2 · 3^2 · 11^2,"2, 3, 11","1, 2, 3, 4, 6, 9, 11, 12, 18, 22, 33, 36, 44, 66, 99, 121, 132, 198, 242, 363, 396, 484, 726, 1089, 1452, 2178, 4356",11,27,4358,2 · 2179,"2, 2179","1, 2, 2179, 4358",2179,4
596,4363,"1, 4363",4363,4362,2 · 3 · 727,"2, 3, 727","1, 2, 3, 6, 727, 1454, 2181, 4362",727,8,4364,2^2 · 1091,"2, 1091","1, 2, 4, 1091, 2182, 4364",1091,6
597,4373,"1, 4373",4373,4372,2^2 · 1093,"2, 1093","1, 2, 4, 1093, 2186, 4372",1093,6,4374,2 · 3^7,"2, 3","1, 2, 3, 6, 9, 18, 27, 54, 81, 162, 243, 486, 729, 1458, 2187, 4374",3,16
598,4391,"1, 4391",4391,4390,2 · 5 · 439,"2, 5, 439","1, 2, 5, 10, 439, 878, 2195, 4390",439,8,4392,2^3 · 3^2 · 61,"2, 3, 61","1, 2, 3, 4, 6, 8, 9, 12, 18, 24, 36, 61, 72, 122, 183, 244, 366, 488, 549, 732, 1098, 1464, 2196, 4392",61,24
599,4397,"1, 4397",4397,4396,2^2 · 7 · 157,"2, 7, 157","1, 2, 4, 7, 14, 28, 157, 314, 628, 1099, 2198, 4396",157,12,4398,2 · 3 · 733,"2, 3, 733","1, 2, 3, 6, 733, 1466, 2199, 4398",733,8
600,4409,"1, 4409",4409,4408,2^3 · 19 · 29,"2, 19, 29","1, 2, 4, 8, 19, 29, 38, 58, 76, 116, 152, 232, 551, 1102, 2204, 4408",29,16,4410,2 · 3^2 · 5 · 7^2,"2, 3, 5, 7","1, 2, 3, 5, 6, 7, 9, 10, 14, 15, 18, 21, 30, 35, 42, 45, 49, 63, 70, 90, 98, 105, 126, 147, 210, 245, 294, 315, 441, 490, 630, 735, 882, 1470, 2205, 4410",7,36
601,4421,"1, 4421",4421,4420,2^2 · 5 · 13 · 17,"2, 5, 13, 17","1, 2, 4, 5, 10, 13, 17, 20, 26, 34, 52, 65, 68, 85, 130, 170, 221, 260, 340, 442, 884, 1105, 2210, 4420",17,24,4422,2 · 3 · 11 · 67,"2, 3, 11, 67","1, 2, 3, 6, 11, 22, 33, 66, 67, 134, 201, 402, 737, 1474, 2211, 4422",67,16
602,4423,"1, 4423",4423,4422,2 · 3 · 11 · 67,"2, 3, 11, 67","1, 2, 3, 6, 11, 22, 33, 66, 67, 134, 201, 402, 737, 1474, 2211, 4422",67,16,4424,2^3 · 7 · 79,"2, 7, 79","1, 2, 4, 7, 8, 14, 28, 56, 79, 158, 316, 553, 632, 1106, 2212, 4424",79,16
603,4441,"1, 4441",4441,4440,2^3 · 3 · 5 · 37,"2, 3, 5, 37","1, 2, 3, 4, 5, 6, 8, 10, 12, 15, 20, 24, 30, 37, 40, 60, 74, 111, 120, 148, 185, 222, 296, 370, 444, 555, 740, 888, 1110, 1480, 2220, 4440",37,32,4442,2 · 2221,"2, 2221","1, 2, 2221, 4442",2221,4
604,4447,"1, 4447",4447,4446,2 · 3^2 · 13 · 19,"2, 3, 13, 19","1, 2, 3, 6, 9, 13, 18, 19, 26, 38, 39, 57, 78, 114, 117, 171, 234, 247, 342, 494, 741, 1482, 2223, 4446",19,24,4448,2^5 · 139,"2, 139","1, 2, 4, 8, 16, 32, 139, 278, 556, 1112, 2224, 4448",139,12
605,4451,"1, 4451",4451,4450,2 · 5^2 · 89,"2, 5, 89","1, 2, 5, 10, 25, 50, 89, 178, 445, 890, 2225, 4450",89,12,4452,2^2 · 3 · 7 · 53,"2, 3, 7, 53","1, 2, 3, 4, 6, 7, 12, 14, 21, 28, 42, 53, 84, 106, 159, 212, 318, 371, 636, 742, 1113, 1484, 2226, 4452",53,24
606,4457,"1, 4457",4457,4456,2^3 · 557,"2, 557","1, 2, 4, 8, 557, 1114, 2228, 4456",557,8,4458,2 · 3 · 743,"2, 3, 743","1, 2, 3, 6, 743, 1486, 2229, 4458",743,8
607,4463,"1, 4463",4463,4462,2 · 23 · 97,"2, 23, 97","1, 2, 23, 46, 97, 194, 2231, 4462",97,8,4464,2^4 · 3^2 · 31,"2, 3, 31","1, 2, 3, 4, 6, 8, 9, 12, 16, 18, 24, 31, 36, 48, 62, 72, 93, 124, 144, 186, 248, 279, 372, 496, 558, 744, 1116, 1488, 2232, 4464",31,30
608,4481,"1, 4481",4481,4480,2^7 · 5 · 7,"2, 5, 7","1, 2, 4, 5, 7, 8, 10, 14, 16, 20, 28, 32, 35, 40, 56, 64, 70, 80, 112, 128, 140, 160, 224, 280, 320, 448, 560, 640, 896, 1120, 2240, 4480",7,32,4482,2 · 3^3 · 83,"2, 3, 83","1, 2, 3, 6, 9, 18, 27, 54, 83, 166, 249, 498, 747, 1494, 2241, 4482",83,16
609,4483,"1, 4483",4483,4482,2 · 3^3 · 83,"2, 3, 83","1, 2, 3, 6, 9, 18, 27, 54, 83, 166, 249, 498, 747, 1494, 2241, 4482",83,16,4484,2^2 · 19 · 59,"2, 19, 59","1, 2, 4, 19, 38, 59, 76, 118, 236, 1121, 2242, 4484",59,12
610,4493,"1, 4493",4493,4492,2^2 · 1123,"2, 1123","1, 2, 4, 1123, 2246, 4492",1123,6,4494,2 · 3 · 7 · 107,"2, 3, 7, 107","1, 2, 3, 6, 7, 14, 21, 42, 107, 214, 321, 642, 749, 1498, 2247, 4494",107,16
611,4507,"1, 4507",4507,4506,2 · 3 · 751,"2, 3, 751","1, 2, 3, 6, 751, 1502, 2253, 4506",751,8,4508,2^2 · 7^2 · 23,"2, 7, 23","1, 2, 4, 7, 14, 23, 28, 46, 49, 92, 98, 161, 196, 322, 644, 1127, 2254, 4508",23,18
612,4513,"1, 4513",4513,4512,2^5 · 3 · 47,"2, 3, 47","1, 2, 3, 4, 6, 8, 12, 16, 24, 32, 47, 48, 94, 96, 141, 188, 282, 376, 564, 752, 1128, 1504, 2256, 4512",47,24,4514,2 · 37 · 61,"2, 37, 61","1, 2, 37, 61, 74, 122, 2257, 4514",61,8
613,4517,"1, 4517",4517,4516,2^2 · 1129,"2, 1129","1, 2, 4, 1129, 2258, 4516",1129,6,4518,2 · 3^2 · 251,"2, 3, 251","1, 2, 3, 6, 9, 18, 251, 502, 753, 1506, 2259, 4518",251,12
614,4519,"1, 4519",4519,4518,2 · 3^2 · 251,"2, 3, 251","1, 2, 3, 6, 9, 18, 251, 502, 753, 1506, 2259, 4518",251,12,4520,2^3 · 5 · 113,"2, 5, 113","1, 2, 4, 5, 8, 10, 20, 40, 113, 226, 452, 565, 904, 1130, 2260, 4520",113,16
615,4523,"1, 4523",4523,4522,2 · 7 · 17 · 19,"2, 7, 17, 19","1, 2, 7, 14, 17, 19, 34, 38, 119, 133, 238, 266, 323, 646, 2261, 4522",19,16,4524,2^2 · 3 · 13 · 29,"2, 3, 13, 29","1, 2, 3, 4, 6, 12, 13, 26, 29, 39, 52, 58, 78, 87, 116, 156, 174, 348, 377, 754, 1131, 1508, 2262, 4524",29,24
616,4547,"1, 4547",4547,4546,2 · 2273,"2, 2273","1, 2, 2273, 4546",2273,4,4548,2^2 · 3 · 379,"2, 3, 379","1, 2, 3, 4, 6, 12, 379, 758, 1137, 1516, 2274, 4548",379,12
617,4549,"1, 4549",4549,4548,2^2 · 3 · 379,"2, 3, 379","1, 2, 3, 4, 6, 12, 379, 758, 1137, 1516, 2274, 4548",379,12,4550,2 · 5^2 · 7 · 13,"2, 5, 7, 13","1, 2, 5, 7, 10, 13, 14, 25, 26, 35, 50, 65, 70, 91, 130, 175, 182, 325, 350, 455, 650, 910, 2275, 4550",13,24
618,4561,"1, 4561",4561,4560,2^4 · 3 · 5 · 19,"2, 3, 5, 19","1, 2, 3, 4, 5, 6, 8, 10, 12, 15, 16, 19, 20, 24, 30, 38, 40, 48, 57, 60, 76, 80, 95, 114, 120, 152, 190, 228, 240, 285, 304, 380, 456, 570, 760, 912, 1140, 1520, 2280, 4560",19,40,4562,2 · 2281,"2, 2281","1, 2, 2281, 4562",2281,4
619,4567,"1, 4567",4567,4566,2 · 3 · 761,"2, 3, 761","1, 2, 3, 6, 761, 1522, 2283, 4566",761,8,4568,2^3 · 571,"2, 571","1, 2, 4, 8, 571, 1142, 2284, 4568",571,8
620,4583,"1, 4583",4583,4582,2 · 29 · 79,"2, 29, 79","1, 2, 29, 58, 79, 158, 2291, 4582",79,8,4584,2^3 · 3 · 191,"2, 3, 191","1, 2, 3, 4, 6, 8, 12, 24, 191, 382, 573, 764, 1146, 1528, 2292, 4584",191,16
621,4591,"1, 4591",4591,4590,2 · 3^3 · 5 · 17,"2, 3, 5, 17","1, 2, 3, 5, 6, 9, 10, 15, 17, 18, 27, 30, 34, 45, 51, 54, 85, 90, 102, 135, 153, 170, 255, 270, 306, 459, 510, 765, 918, 1530, 2295, 4590",17,32,4592,2^4 · 7 · 41,"2, 7, 41","1, 2, 4, 7, 8, 14, 16, 28, 41, 56, 82, 112, 164, 287, 328, 574, 656, 1148, 2296, 4592",41,20
622,4597,"1, 4597",4597,4596,2^2 · 3 · 383,"2, 3, 383","1, 2, 3, 4, 6, 12, 383, 766, 1149, 1532, 2298, 4596",383,12,4598,2 · 11^2 · 19,"2, 11, 19","1, 2, 11, 19, 22, 38, 121, 209, 242, 418, 2299, 4598",19,12
623,4603,"1, 4603",4603,4602,2 · 3 · 13 · 59,"2, 3, 13, 59","1, 2, 3, 6, 13, 26, 39, 59, 78, 118, 177, 354, 767, 1534, 2301, 4602",59,16,4604,2^2 · 1151,"2, 1151","1, 2, 4, 1151, 2302, 4604",1151,6
624,4621,"1, 4621",4621,4620,2^2 · 3 · 5 · 7 · 11,"2, 3, 5, 7, 11","1, 2, 3, 4, 5, 6, 7, 10, 11, 12, 14, 15, 20, 21, 22, 28, 30, 33, 35, 42, 44, 55, 60, 66, 70, 77, 84, 105, 110, 132, 140, 154, 165, 210, 220, 231, 308, 330, 385, 420, 462, 660, 770, 924, 1155, 1540, 2310, 4620",11,48,4622,2 · 2311,"2, 2311","1, 2, 2311, 4622",2311,4
625,4637,"1, 4637",4637,4636,2^2 · 19 · 61,"2, 19, 61","1, 2, 4, 19, 38, 61, 76, 122, 244, 1159, 2318, 4636",61,12,4638,2 · 3 · 773,"2, 3, 773","1, 2, 3, 6, 773, 1546, 2319, 4638",773,8
626,4639,"1, 4639",4639,4638,2 · 3 · 773,"2, 3, 773","1, 2, 3, 6, 773, 1546, 2319, 4638",773,8,4640,2^5 · 5 · 29,"2, 5, 29","1, 2, 4, 5, 8, 10, 16, 20, 29, 32, 40, 58, 80, 116, 145, 160, 232, 290, 464, 580, 928, 1160, 2320, 4640",29,24
627,4643,"1, 4643",4643,4642,2 · 11 · 211,"2, 11, 211","1, 2, 11, 22, 211, 422, 2321, 4642",211,8,4644,2^2 · 3^3 · 43,"2, 3, 43","1, 2, 3, 4, 6, 9, 12, 18, 27, 36, 43, 54, 86, 108, 129, 172, 258, 387, 516, 774, 1161, 1548, 2322, 4644",43,24
628,4649,"1, 4649",4649,4648,2^3 · 7 · 83,"2, 7, 83","1, 2, 4, 7, 8, 14, 28, 56, 83, 166, 332, 581, 664, 1162, 2324, 4648",83,16,4650,2 · 3 · 5^2 · 31,"2, 3, 5, 31","1, 2, 3, 5, 6, 10, 15, 25, 30, 31, 50, 62, 75, 93, 150, 155, 186, 310, 465, 775, 930, 1550, 2325, 4650",31,24
629,4651,"1, 4651",4651,4650,2 · 3 · 5^2 · 31,"2, 3, 5, 31","1, 2, 3, 5, 6, 10, 15, 25, 30, 31, 50, 62, 75, 93, 150, 155, 186, 310, 465, 775, 930, 1550, 2325, 4650",31,24,4652,2^2 · 1163,"2, 1163","1, 2, 4, 1163, 2326, 4652",1163,6
630,4657,"1, 4657",4657,4656,2^4 · 3 · 97,"2, 3, 97","1, 2, 3, 4, 6, 8, 12, 16, 24, 48, 97, 194, 291, 388, 582, 776, 1164, 1552, 2328, 4656",97,20,4658,2 · 17 · 137,"2, 17, 137","1, 2, 17, 34, 137, 274, 2329, 4658",137,8
631,4663,"1, 4663",4663,4662,2 · 3^2 · 7 · 37,"2, 3, 7, 37","1, 2, 3, 6, 7, 9, 14, 18, 21, 37, 42, 63, 74, 111, 126, 222, 259, 333, 518, 666, 777, 1554, 2331, 4662",37,24,4664,2^3 · 11 · 53,"2, 11, 53","1, 2, 4, 8, 11, 22, 44, 53, 88, 106, 212, 424, 583, 1166, 2332, 4664",53,16
632,4673,"1, 4673",4673,4672,2^6 · 73,"2, 73","1, 2, 4, 8, 16, 32, 64, 73, 146, 292, 584, 1168, 2336, 4672",73,14,4674,2 · 3 · 19 · 41,"2, 3, 19, 41","1, 2, 3, 6, 19, 38, 41, 57, 82, 114, 123, 246, 779, 1558, 2337, 4674",41,16
633,4679,"1, 4679",4679,4678,2 · 2339,"2, 2339","1, 2, 2339, 4678",2339,4,4680,2^3 · 3^2 · 5 · 13,"2, 3, 5, 13","1, 2, 3, 4, 5, 6, 8, 9, 10, 12, 13, 15, 18, 20, 24, 26, 30, 36, 39, 40, 45, 52, 60, 65, 72, 78, 90, 104, 117, 120, 130, 156, 180, 195, 234, 260, 312, 360, 390, 468, 520, 585, 780, 936, 1170, 1560, 2340, 4680",13,48
634,4691,"1, 4691",4691,4690,2 · 5 · 7 · 67,"2, 5, 7, 67","1, 2, 5, 7, 10, 14, 35, 67, 70, 134, 335, 469, 670, 938, 2345, 4690",67,16,4692,2^2 · 3 · 17 · 23,"2, 3, 17, 23","1, 2, 3, 4, 6, 12, 17, 23, 34, 46, 51, 68, 69, 92, 102, 138, 204, 276, 391, 782, 1173, 1564, 2346, 4692",23,24
635,4703,"1, 4703",4703,4702,2 · 2351,"2, 2351","1, 2, 2351, 4702",2351,4,4704,2^5 · 3 · 7^2,"2, 3, 7","1, 2, 3, 4, 6, 7, 8, 12, 14, 16, 21, 24, 28, 32, 42, 48, 49, 56, 84, 96, 98, 112, 147, 168, 196, 224, 294, 336, 392, 588, 672, 784, 1176, 1568, 2352, 4704",7,36
636,4721,"1, 4721",4721,4720,2^4 · 5 · 59,"2, 5, 59","1, 2, 4, 5, 8, 10, 16, 20, 40, 59, 80, 118, 236, 295, 472, 590, 944, 1180, 2360, 4720",59,20,4722,2 · 3 · 787,"2, 3, 787","1, 2, 3, 6, 787, 1574, 2361, 4722",787,8
637,4723,"1, 4723",4723,4722,2 · 3 · 787,"2, 3, 787","1, 2, 3, 6, 787, 1574, 2361, 4722",787,8,4724,2^2 · 1181,"2, 1181","1, 2, 4, 1181, 2362, 4724",1181,6
638,4729,"1, 4729",4729,4728,2^3 · 3 · 197,"2, 3, 197","1, 2, 3, 4, 6, 8, 12, 24, 197, 394, 591, 788, 1182, 1576, 2364, 4728",197,16,4730,2 · 5 · 11 · 43,"2, 5, 11, 43","1, 2, 5, 10, 11, 22, 43, 55, 86, 110, 215, 430, 473, 946, 2365, 4730",43,16
639,4733,"1, 4733",4733,4732,2^2 · 7 · 13^2,"2, 7, 13","1, 2, 4, 7, 13, 14, 26, 28, 52, 91, 169, 182, 338, 364, 676, 1183, 2366, 4732",13,18,4734,2 · 3^2 · 263,"2, 3, 263","1, 2, 3, 6, 9, 18, 263, 526, 789, 1578, 2367, 4734",263,12
640,4751,"1, 4751",4751,4750,2 · 5^3 · 19,"2, 5, 19","1, 2, 5, 10, 19, 25, 38, 50, 95, 125, 190, 250, 475, 950, 2375, 4750",19,16,4752,2^4 · 3^3 · 11,"2, 3, 11","1, 2, 3, 4, 6, 8, 9, 11, 12, 16, 18, 22, 24, 27, 33, 36, 44, 48, 54, 66, 72, 88, 99, 108, 132, 144, 176, 198, 216, 264, 297, 396, 432, 528, 594, 792, 1188, 1584, 2376, 4752",11,40
641,4759,"1, 4759",4759,4758,2 · 3 · 13 · 61,"2, 3, 13, 61","1, 2, 3, 6, 13, 26, 39, 61, 78, 122, 183, 366, 793, 1586, 2379, 4758",61,16,4760,2^3 · 5 · 7 · 17,"2, 5, 7, 17","1, 2, 4, 5, 7, 8, 10, 14, 17, 20, 28, 34, 35, 40, 56, 68, 70, 85, 119, 136, 140, 170, 238, 280, 340, 476, 595, 680, 952, 1190, 2380, 4760",17,32
642,4783,"1, 4783",4783,4782,2 · 3 · 797,"2, 3, 797","1, 2, 3, 6, 797, 1594, 2391, 4782",797,8,4784,2^4 · 13 · 23,"2, 13, 23","1, 2, 4, 8, 13, 16, 23, 26, 46, 52, 92, 104, 184, 208, 299, 368, 598, 1196, 2392, 4784",23,20
643,4787,"1, 4787",4787,4786,2 · 2393,"2, 2393","1, 2, 2393, 4786",2393,4,4788,2^2 · 3^2 · 7 · 19,"2, 3, 7, 19","1, 2, 3, 4, 6, 7, 9, 12, 14, 18, 19, 21, 28, 36, 38, 42, 57, 63, 76, 84, 114, 126, 133, 171, 228, 252, 266, 342, 399, 532, 684, 798, 1197, 1596, 2394, 4788",19,36
644,4789,"1, 4789",4789,4788,2^2 · 3^2 · 7 · 19,"2, 3, 7, 19","1, 2, 3, 4, 6, 7, 9, 12, 14, 18, 19, 21, 28, 36, 38, 42, 57, 63, 76, 84, 114, 126, 133, 171, 228, 252, 266, 342, 399, 532, 684, 798, 1197, 1596, 2394, 4788",19,36,4790,2 · 5 · 479,"2, 5, 479","1, 2, 5, 10, 479, 958, 2395, 4790",479,8
645,4793,"1, 4793",4793,4792,2^3 · 599,"2, 599","1, 2, 4, 8, 599, 1198, 2396, 4792",599,8,4794,2 · 3 · 17 · 47,"2, 3, 17, 47","1, 2, 3, 6, 17, 34, 47, 51, 94, 102, 141, 282, 799, 1598, 2397, 4794",47,16
646,4799,"1, 4799",4799,4798,2 · 2399,"2, 2399","1, 2, 2399, 4798",2399,4,4800,2^6 · 3 · 5^2,"2, 3, 5","1, 2, 3, 4, 5, 6, 8, 10, 12, 15, 16, 20, 24, 25, 30, 32, 40, 48, 50, 60, 64, 75, 80, 96, 100, 120, 150, 160, 192, 200, 240, 300, 320, 400, 480, 600, 800, 960, 1200, 1600, 2400, 4800",5,42
647,4801,"1, 4801",4801,4800,2^6 · 3 · 5^2,"2, 3, 5","1, 2, 3, 4, 5, 6, 8, 10, 12, 15, 16, 20, 24, 25, 30, 32, 40, 48, 50, 60, 64, 75, 80, 96, 100, 120, 150, 160, 192, 200, 240, 300, 320, 400, 480, 600, 800, 960, 1200, 1600, 2400, 4800",5,42,4802,2 · 7^4,"2, 7","1, 2, 7, 14, 49, 98, 343, 686, 2401, 4802",7,10
648,4813,"1, 4813",4813,4812,2^2 · 3 · 401,"2, 3, 401","1, 2, 3, 4, 6, 12, 401, 802, 1203, 1604, 2406, 4812",401,12,4814,2 · 29 · 83,"2, 29, 83","1, 2, 29, 58, 83, 166, 2407, 4814",83,8
649,4817,"1, 4817",4817,4816,2^4 · 7 · 43,"2, 7, 43","1, 2, 4, 7, 8, 14, 16, 28, 43, 56, 86, 112, 172, 301, 344, 602, 688, 1204, 2408, 4816",43,20,4818,2 · 3 · 11 · 73,"2, 3, 11, 73","1, 2, 3, 6, 11, 22, 33, 66, 73, 146, 219, 438, 803, 1606, 2409, 4818",73,16
650,4831,"1, 4831",4831,4830,2 · 3 · 5 · 7 · 23,"2, 3, 5, 7, 23","1, 2, 3, 5, 6, 7, 10, 14, 15, 21, 23, 30, 35, 42, 46, 69, 70, 105, 115, 138, 161, 210, 230, 322, 345, 483, 690, 805, 966, 1610, 2415, 4830",23,32,4832,2^5 · 151,"2, 151","1, 2, 4, 8, 16, 32, 151, 302, 604, 1208, 2416, 4832",151,12
651,4861,"1, 4861",4861,4860,2^2 · 3^5 · 5,"2, 3, 5","1, 2, 3, 4, 5, 6, 9, 10, 12, 15, 18, 20, 27, 30, 36, 45, 54, 60, 81, 90, 108, 135, 162, 180, 243, 270, 324, 405, 486, 540, 810, 972, 1215, 1620, 2430, 4860",5,36,4862,2 · 11 · 13 · 17,"2, 11, 13, 17","1, 2, 11, 13, 17, 22, 26, 34, 143, 187, 221, 286, 374, 442, 2431, 4862",17,16
652,4871,"1, 4871",4871,4870,2 · 5 · 487,"2, 5, 487","1, 2, 5, 10, 487, 974, 2435, 4870",487,8,4872,2^3 · 3 · 7 · 29,"2, 3, 7, 29","1, 2, 3, 4, 6, 7, 8, 12, 14, 21, 24, 28, 29, 42, 56, 58, 84, 87, 116, 168, 174, 203, 232, 348, 406, 609, 696, 812, 1218, 1624, 2436, 4872",29,32
653,4877,"1, 4877",4877,4876,2^2 · 23 · 53,"2, 23, 53","1, 2, 4, 23, 46, 53, 92, 106, 212, 1219, 2438, 4876",53,12,4878,2 · 3^2 · 271,"2, 3, 271","1, 2, 3, 6, 9, 18, 271, 542, 813, 1626, 2439, 4878",271,12
654,4889,"1, 4889",4889,4888,2^3 · 13 · 47,"2, 13, 47","1, 2, 4, 8, 13, 26, 47, 52, 94, 104, 188, 376, 611, 1222, 2444, 4888",47,16,4890,2 · 3 · 5 · 163,"2, 3, 5, 163","1, 2, 3, 5, 6, 10, 15, 30, 163, 326, 489, 815, 978, 1630, 2445, 4890",163,16
655,4903,"1, 4903",4903,4902,2 · 3 · 19 · 43,"2, 3, 19, 43","1, 2, 3, 6, 19, 38, 43, 57, 86, 114, 129, 258, 817, 1634, 2451, 4902",43,16,4904,2^3 · 613,"2, 613","1, 2, 4, 8, 613, 1226, 2452, 4904",613,8
656,4909,"1, 4909",4909,4908,2^2 · 3 · 409,"2, 3, 409","1, 2, 3, 4, 6, 12, 409, 818, 1227, 1636, 2454, 4908",409,12,4910,2 · 5 · 491,"2, 5, 491","1, 2, 5, 10, 491, 982, 2455, 4910",491,8
657,4919,"1, 4919",4919,4918,2 · 2459,"2, 2459","1, 2, 2459, 4918",2459,4,4920,2^3 · 3 · 5 · 41,"2, 3, 5, 41","1, 2, 3, 4, 5, 6, 8, 10, 12, 15, 20, 24, 30, 40, 41, 60, 82, 120, 123, 164, 205, 246, 328, 410, 492, 615, 820, 984, 1230, 1640, 2460, 4920",41,32
658,4931,"1, 4931",4931,4930,2 · 5 · 17 · 29,"2, 5, 17, 29","1, 2, 5, 10, 17, 29, 34, 58, 85, 145, 170, 290, 493, 986, 2465, 4930",29,16,4932,2^2 · 3^2 · 137,"2, 3, 137","1, 2, 3, 4, 6, 9, 12, 18, 36, 137, 274, 411, 548, 822, 1233, 1644, 2466, 4932",137,18
659,4933,"1, 4933",4933,4932,2^2 · 3^2 · 137,"2, 3, 137","1, 2, 3, 4, 6, 9, 12, 18, 36, 137, 274, 411, 548, 822, 1233, 1644, 2466, 4932",137,18,4934,2 · 2467,"2, 2467","1, 2, 2467, 4934",2467,4
660,4937,"1, 4937",4937,4936,2^3 · 617,"2, 617","1, 2, 4, 8, 617, 1234, 2468, 4936",617,8,4938,2 · 3 · 823,"2, 3, 823","1, 2, 3, 6, 823, 1646, 2469, 4938",823,8
661,4943,"1, 4943",4943,4942,2 · 7 · 353,"2, 7, 353","1, 2, 7, 14, 353, 706, 2471, 4942",353,8,4944,2^4 · 3 · 103,"2, 3, 103","1, 2, 3, 4, 6, 8, 12, 16, 24, 48, 103, 206, 309, 412, 618, 824, 1236, 1648, 2472, 4944",103,20
662,4951,"1, 4951",4951,4950,2 · 3^2 · 5^2 · 11,"2, 3, 5, 11","1, 2, 3, 5, 6, 9, 10, 11, 15, 18, 22, 25, 30, 33, 45, 50, 55, 66, 75, 90, 99, 110, 150, 165, 198, 225, 275, 330, 450, 495, 550, 825, 990, 1650, 2475, 4950",11,36,4952,2^3 · 619,"2, 619","1, 2, 4, 8, 619, 1238, 2476, 4952",619,8
663,4957,"1, 4957",4957,4956,2^2 · 3 · 7 · 59,"2, 3, 7, 59","1, 2, 3, 4, 6, 7, 12, 14, 21, 28, 42, 59, 84, 118, 177, 236, 354, 413, 708, 826, 1239, 1652, 2478, 4956",59,24,4958,2 · 37 · 67,"2, 37, 67","1, 2, 37, 67, 74, 134, 2479, 4958",67,8
664,4967,"1, 4967",4967,4966,2 · 13 · 191,"2, 13, 191","1, 2, 13, 26, 191, 382, 2483, 4966",191,8,4968,2^3 · 3^3 · 23,"2, 3, 23","1, 2, 3, 4, 6, 8, 9, 12, 18, 23, 24, 27, 36, 46, 54, 69, 72, 92, 108, 138, 184, 207, 216, 276, 414, 552, 621, 828, 1242, 1656, 2484, 4968",23,32
665,4969,"1, 4969",4969,4968,2^3 · 3^3 · 23,"2, 3, 23","1, 2, 3, 4, 6, 8, 9, 12, 18, 23, 24, 27, 36, 46, 54, 69, 72, 92, 108, 138, 184, 207, 216, 276, 414, 552, 621, 828, 1242, 1656, 2484, 4968",23,32,4970,2 · 5 · 7 · 71,"2, 5, 7, 71","1, 2, 5, 7, 10, 14, 35, 70, 71, 142, 355, 497, 710, 994, 2485, 4970",71,16
666,4973,"1, 4973",4973,4972,2^2 · 11 · 113,"2, 11, 113","1, 2, 4, 11, 22, 44, 113, 226, 452, 1243, 2486, 4972",113,12,4974,2 · 3 · 829,"2, 3, 829","1, 2, 3, 6, 829, 1658, 2487, 4974",829,8
667,4987,"1, 4987",4987,4986,2 · 3^2 · 277,"2, 3, 277","1, 2, 3, 6, 9, 18, 277, 554, 831, 1662, 2493, 4986",277,12,4988,2^2 · 29 · 43,"2, 29, 43","1, 2, 4, 29, 43, 58, 86, 116, 172, 1247, 2494, 4988",43,12
668,4993,"1, 4993",4993,4992,2^7 · 3 · 13,"2, 3, 13","1, 2, 3, 4, 6, 8, 12, 13, 16, 24, 26, 32, 39, 48, 52, 64, 78, 96, 104, 128, 156, 192, 208, 312, 384, 416, 624, 832, 1248, 1664, 2496, 4992",13,32,4994,2 · 11 · 227,"2, 11, 227","1, 2, 11, 22, 227, 454, 2497, 4994",227,8
669,4999,"1, 4999",4999,4998,2 · 3 · 7^2 · 17,"2, 3, 7, 17","1, 2, 3, 6, 7, 14, 17, 21, 34, 42, 49, 51, 98, 102, 119, 147, 238, 294, 357, 714, 833, 1666, 2499, 4998",17,24,5000,2^3 · 5^4,"2, 5","1, 2, 4, 5, 8, 10, 20, 25, 40, 50, 100, 125, 200, 250, 500, 625, 1000, 1250, 2500, 5000",5,20
670,5003,"1, 5003",5003,5002,2 · 41 · 61,"2, 41, 61","1, 2, 41, 61, 82, 122, 2501, 5002",61,8,5004,2^2 · 3^2 · 139,"2, 3, 139","1, 2, 3, 4, 6, 9, 12, 18, 36, 139, 278, 417, 556, 834, 1251, 1668, 2502, 5004",139,18
671,5009,"1, 5009",5009,5008,2^4 · 313,"2, 313","1, 2, 4, 8, 16, 313, 626, 1252, 2504, 5008",313,10,5010,2 · 3 · 5 · 167,"2, 3, 5, 167","1, 2, 3, 5, 6, 10, 15, 30, 167, 334, 501, 835, 1002, 1670, 2505, 5010",167,16
672,5011,"1, 5011",5011,5010,2 · 3 · 5 · 167,"2, 3, 5, 167","1, 2, 3, 5, 6, 10, 15, 30, 167, 334, 501, 835, 1002, 1670, 2505, 5010",167,16,5012,2^2 · 7 · 179,"2, 7, 179","1, 2, 4, 7, 14, 28, 179, 358, 716, 1253, 2506, 5012",179,12
673,5021,"1, 5021",5021,5020,2^2 · 5 · 251,"2, 5, 251","1, 2, 4, 5, 10, 20, 251, 502, 1004, 1255, 2510, 5020",251,12,5022,2 · 3^4 · 31,"2, 3, 31","1, 2, 3, 6, 9, 18, 27, 31, 54, 62, 81, 93, 162, 186, 279, 558, 837, 1674, 2511, 5022",31,20
674,5023,"1, 5023",5023,5022,2 · 3^4 · 31,"2, 3, 31","1, 2, 3, 6, 9, 18, 27, 31, 54, 62, 81, 93, 162, 186, 279, 558, 837, 1674, 2511, 5022",31,20,5024,2^5 · 157,"2, 157","1, 2, 4, 8, 16, 32, 157, 314, 628, 1256, 2512, 5024",157,12
675,5039,"1, 5039",5039,5038,2 · 11 · 229,"2, 11, 229","1, 2, 11, 22, 229, 458, 2519, 5038",229,8,5040,2^4 · 3^2 · 5 · 7,"2, 3, 5, 7","1, 2, 3, 4, 5, 6, 7, 8, 9, 10, 12, 14, 15, 16, 18, 20, 21, 24, 28, 30, 35, 36, 40, 42, 45, 48, 56, 60, 63, 70, 72, 80, 84, 90, 105, 112, 120, 126, 140, 144, 168, 180, 210, 240, 252, 280, 315, 336, 360, 420, 504, 560, 630, 720, 840, 1008, 1260, 1680, 2520, 5040",7,60
676,5051,"1, 5051",5051,5050,2 · 5^2 · 101,"2, 5, 101","1, 2, 5, 10, 25, 50, 101, 202, 505, 1010, 2525, 5050",101,12,5052,2^2 · 3 · 421,"2, 3, 421","1, 2, 3, 4, 6, 12, 421, 842, 1263, 1684, 2526, 5052",421,12
677,5059,"1, 5059",5059,5058,2 · 3^2 · 281,"2, 3, 281","1, 2, 3, 6, 9, 18, 281, 562, 843, 1686, 2529, 5058",281,12,5060,2^2 · 5 · 11 · 23,"2, 5, 11, 23","1, 2, 4, 5, 10, 11, 20, 22, 23, 44, 46, 55, 92, 110, 115, 220, 230, 253, 460, 506, 1012, 1265, 2530, 5060",23,24
678,5077,"1, 5077",5077,5076,2^2 · 3^3 · 47,"2, 3, 47","1, 2, 3, 4, 6, 9, 12, 18, 27, 36, 47, 54, 94, 108, 141, 188, 282, 423, 564, 846, 1269, 1692, 2538, 5076",47,24,5078,2 · 2539,"2, 2539","1, 2, 2539, 5078",2539,4
679,5081,"1, 5081",5081,5080,2^3 · 5 · 127,"2, 5, 127","1, 2, 4, 5, 8, 10, 20, 40, 127, 254, 508, 635, 1016, 1270, 2540, 5080",127,16,5082,2 · 3 · 7 · 11^2,"2, 3, 7, 11","1, 2, 3, 6, 7, 11, 14, 21, 22, 33, 42, 66, 77, 121, 154, 231, 242, 363, 462, 726, 847, 1694, 2541, 5082",11,24
680,5087,"1, 5087",5087,5086,2 · 2543,"2, 2543","1, 2, 2543, 5086",2543,4,5088,2^5 · 3 · 53,"2, 3, 53","1, 2, 3, 4, 6, 8, 12, 16, 24, 32, 48, 53, 96, 106, 159, 212, 318, 424, 636, 848, 1272, 1696, 2544, 5088",53,24
681,5099,"1, 5099",5099,5098,2 · 2549,"2, 2549","1, 2, 2549, 5098",2549,4,5100,2^2 · 3 · 5^2 · 17,"2, 3, 5, 17","1, 2, 3, 4, 5, 6, 10, 12, 15, 17, 20, 25, 30, 34, 50, 51, 60, 68, 75, 85, 100, 102, 150, 170, 204, 255, 300, 340, 425, 510, 850, 1020, 1275, 1700, 2550, 5100",17,36
682,5101,"1, 5101",5101,5100,2^2 · 3 · 5^2 · 17,"2, 3, 5, 17","1, 2, 3, 4, 5, 6, 10, 12, 15, 17, 20, 25, 30, 34, 50, 51, 60, 68, 75, 85, 100, 102, 150, 170, 204, 255, 300, 340, 425, 510, 850, 1020, 1275, 1700, 2550, 5100",17,36,5102,2 · 2551,"2, 2551","1, 2, 2551, 5102",2551,4
683,5107,"1, 5107",5107,5106,2 · 3 · 23 · 37,"2, 3, 23, 37","1, 2, 3, 6, 23, 37, 46, 69, 74, 111, 138, 222, 851, 1702, 2553, 5106",37,16,5108,2^2 · 1277,"2, 1277","1, 2, 4, 1277, 2554, 5108",1277,6
684,5113,"1, 5113",5113,5112,2^3 · 3^2 · 71,"2, 3, 71","1, 2, 3, 4, 6, 8, 9, 12, 18, 24, 36, 71, 72, 142, 213, 284, 426, 568, 639, 852, 1278, 1704, 2556, 5112",71,24,5114,2 · 2557,"2, 2557","1, 2, 2557, 5114",2557,4
685,5119,"1, 5119",5119,5118,2 · 3 · 853,"2, 3, 853","1, 2, 3, 6, 853, 1706, 2559, 5118",853,8,5120,2^10 · 5,"2, 5","1, 2, 4, 5, 8, 10, 16, 20, 32, 40, 64, 80, 128, 160, 256, 320, 512, 640, 1024, 1280, 2560, 5120",5,22
686,5147,"1, 5147",5147,5146,2 · 31 · 83,"2, 31, 83","1, 2, 31, 62, 83, 166, 2573, 5146",83,8,5148,2^2 · 3^2 · 11 · 13,"2, 3, 11, 13","1, 2, 3, 4, 6, 9, 11, 12, 13, 18, 22, 26, 33, 36, 39, 44, 52, 66, 78, 99, 117, 132, 143, 156, 198, 234, 286, 396, 429, 468, 572, 858, 1287, 1716, 2574, 5148",13,36
687,5153,"1, 5153",5153,5152,2^5 · 7 · 23,"2, 7, 23","1, 2, 4, 7, 8, 14, 16, 23, 28, 32, 46, 56, 92, 112, 161, 184, 224, 322, 368, 644, 736, 1288, 2576, 5152",23,24,5154,2 · 3 · 859,"2, 3, 859","1, 2, 3, 6, 859, 1718, 2577, 5154",859,8
688,5167,"1, 5167",5167,5166,2 · 3^2 · 7 · 41,"2, 3, 7, 41","1, 2, 3, 6, 7, 9, 14, 18, 21, 41, 42, 63, 82, 123, 126, 246, 287, 369, 574, 738, 861, 1722, 2583, 5166",41,24,5168,2^4 · 17 · 19,"2, 17, 19","1, 2, 4, 8, 16, 17, 19, 34, 38, 68, 76, 136, 152, 272, 304, 323, 646, 1292, 2584, 5168",19,20
689,5171,"1, 5171",5171,5170,2 · 5 · 11 · 47,"2, 5, 11, 47","1, 2, 5, 10, 11, 22, 47, 55, 94, 110, 235, 470, 517, 1034, 2585, 5170",47,16,5172,2^2 · 3 · 431,"2, 3, 431","1, 2, 3, 4, 6, 12, 431, 862, 1293, 1724, 2586, 5172",431,12
690,5179,"1, 5179",5179,5178,2 · 3 · 863,"2, 3, 863","1, 2, 3, 6, 863, 1726, 2589, 5178",863,8,5180,2^2 · 5 · 7 · 37,"2, 5, 7, 37","1, 2, 4, 5, 7, 10, 14, 20, 28, 35, 37, 70, 74, 140, 148, 185, 259, 370, 518, 740, 1036, 1295, 2590, 5180",37,24
691,5189,"1, 5189",5189,5188,2^2 · 1297,"2, 1297","1, 2, 4, 1297, 2594, 5188",1297,6,5190,2 · 3 · 5 · 173,"2, 3, 5, 173","1, 2, 3, 5, 6, 10, 15, 30, 173, 346, 519, 865, 1038, 1730, 2595, 5190",173,16
692,5197,"1, 5197",5197,5196,2^2 · 3 · 433,"2, 3, 433","1, 2, 3, 4, 6, 12, 433, 866, 1299, 1732, 2598, 5196",433,12,5198,2 · 23 · 113,"2, 23, 113","1, 2, 23, 46, 113, 226, 2599, 5198",113,8
693,5209,"1, 5209",5209,5208,2^3 · 3 · 7 · 31,"2, 3, 7, 31","1, 2, 3, 4, 6, 7, 8, 12, 14, 21, 24, 28, 31, 42, 56, 62, 84, 93, 124, 168, 186, 217, 248, 372, 434, 651, 744, 868, 1302, 1736, 2604, 5208",31,32,5210,2 · 5 · 521,"2, 5, 521","1, 2, 5, 10, 521, 1042, 2605, 5210",521,8
694,5227,"1, 5227",5227,5226,2 · 3 · 13 · 67,"2, 3, 13, 67","1, 2, 3, 6, 13, 26, 39, 67, 78, 134, 201, 402, 871, 1742, 2613, 5226",67,16,5228,2^2 · 1307,"2, 1307","1, 2, 4, 1307, 2614, 5228",1307,6
695,5231,"1, 5231",5231,5230,2 · 5 · 523,"2, 5, 523","1, 2, 5, 10, 523, 1046, 2615, 5230",523,8,5232,2^4 · 3 · 109,"2, 3, 109","1, 2, 3, 4, 6, 8, 12, 16, 24, 48, 109, 218, 327, 436, 654, 872, 1308, 1744, 2616, 5232",109,20
696,5233,"1, 5233",5233,5232,2^4 · 3 · 109,"2, 3, 109","1, 2, 3, 4, 6, 8, 12, 16, 24, 48, 109, 218, 327, 436, 654, 872, 1308, 1744, 2616, 5232",109,20,5234,2 · 2617,"2, 2617","1, 2, 2617, 5234",2617,4
697,5237,"1, 5237",5237,5236,2^2 · 7 · 11 · 17,"2, 7, 11, 17","1, 2, 4, 7, 11, 14, 17, 22, 28, 34, 44, 68, 77, 119, 154, 187, 238, 308, 374, 476, 748, 1309, 2618, 5236",17,24,5238,2 · 3^3 · 97,"2, 3, 97","1, 2, 3, 6, 9, 18, 27, 54, 97, 194, 291, 582, 873, 1746, 2619, 5238",97,16
698,5261,"1, 5261",5261,5260,2^2 · 5 · 263,"2, 5, 263","1, 2, 4, 5, 10, 20, 263, 526, 1052, 1315, 2630, 5260",263,12,5262,2 · 3 · 877,"2, 3, 877","1, 2, 3, 6, 877, 1754, 2631, 5262",877,8
699,5273,"1, 5273",5273,5272,2^3 · 659,"2, 659","1, 2, 4, 8, 659, 1318, 2636, 5272",659,8,5274,2 · 3^2 · 293,"2, 3, 293","1, 2, 3, 6, 9, 18, 293, 586, 879, 1758, 2637, 5274",293,12
700,5279,"1, 5279",5279,5278,2 · 7 · 13 · 29,"2, 7, 13, 29","1, 2, 7, 13, 14, 26, 29, 58, 91, 182, 203, 377, 406, 754, 2639, 5278",29,16,5280,2^5 · 3 · 5 · 11,"2, 3, 5, 11","1, 2, 3, 4, 5, 6, 8, 10, 11, 12, 15, 16, 20, 22, 24, 30, 32, 33, 40, 44, 48, 55, 60, 66, 80, 88, 96, 110, 120, 132, 160, 165, 176, 220, 240, 264, 330, 352, 440, 480, 528, 660, 880, 1056, 1320, 1760, 2640, 5280",11,48
701,5281,"1, 5281",5281,5280,2^5 · 3 · 5 · 11,"2, 3, 5, 11","1, 2, 3, 4, 5, 6, 8, 10, 11, 12, 15, 16, 20, 22, 24, 30, 32, 33, 40, 44, 48, 55, 60, 66, 80, 88, 96, 110, 120, 132, 160, 165, 176, 220, 240, 264, 330, 352, 440, 480, 528, 660, 880, 1056, 1320, 1760, 2640, 5280",11,48,5282,2 · 19 · 139,"2, 19, 139","1, 2, 19, 38, 139, 278, 2641, 5282",139,8
702,5297,"1, 5297",5297,5296,2^4 · 331,"2, 331","1, 2, 4, 8, 16, 331, 662, 1324, 2648, 5296",331,10,5298,2 · 3 · 883,"2, 3, 883","1, 2, 3, 6, 883, 1766, 2649, 5298",883,8
703,5303,"1, 5303",5303,5302,2 · 11 · 241,"2, 11, 241","1, 2, 11, 22, 241, 482, 2651, 5302",241,8,5304,2^3 · 3 · 13 · 17,"2, 3, 13, 17","1, 2, 3, 4, 6, 8, 12, 13, 17, 24, 26, 34, 39, 51, 52, 68, 78, 102, 104, 136, 156, 204, 221, 312, 408, 442, 663, 884, 1326, 1768, 2652, 5304",17,32
704,5309,"1, 5309",5309,5308,2^2 · 1327,"2, 1327","1, 2, 4, 1327, 2654, 5308",1327,6,5310,2 · 3^2 · 5 · 59,"2, 3, 5, 59","1, 2, 3, 5, 6, 9, 10, 15, 18, 30, 45, 59, 90, 118, 177, 295, 354, 531, 590, 885, 1062, 1770, 2655, 5310",59,24
705,5323,"1, 5323",5323,5322,2 · 3 · 887,"2, 3, 887","1, 2, 3, 6, 887, 1774, 2661, 5322",887,8,5324,2^2 · 11^3,"2, 11","1, 2, 4, 11, 22, 44, 121, 242, 484, 1331, 2662, 5324",11,12
706,5333,"1, 5333",5333,5332,2^2 · 31 · 43,"2, 31, 43","1, 2, 4, 31, 43, 62, 86, 124, 172, 1333, 2666, 5332",43,12,5334,2 · 3 · 7 · 127,"2, 3, 7, 127","1, 2, 3, 6, 7, 14, 21, 42, 127, 254, 381, 762, 889, 1778, 2667, 5334",127,16
707,5347,"1, 5347",5347,5346,2 · 3^5 · 11,"2, 3, 11","1, 2, 3, 6, 9, 11, 18, 22, 27, 33, 54, 66, 81, 99, 162, 198, 243, 297, 486, 594, 891, 1782, 2673, 5346",11,24,5348,2^2 · 7 · 191,"2, 7, 191","1, 2, 4, 7, 14, 28, 191, 382, 764, 1337, 2674, 5348",191,12
708,5351,"1, 5351",5351,5350,2 · 5^2 · 107,"2, 5, 107","1, 2, 5, 10, 25, 50, 107, 214, 535, 1070, 2675, 5350",107,12,5352,2^3 · 3 · 223,"2, 3, 223","1, 2, 3, 4, 6, 8, 12, 24, 223, 446, 669, 892, 1338, 1784, 2676, 5352",223,16
709,5381,"1, 5381",5381,5380,2^2 · 5 · 269,"2, 5, 269","1, 2, 4, 5, 10, 20, 269, 538, 1076, 1345, 2690, 5380",269,12,5382,2 · 3^2 · 13 · 23,"2, 3, 13, 23","1, 2, 3, 6, 9, 13, 18, 23, 26, 39, 46, 69, 78, 117, 138, 207, 234, 299, 414, 598, 897, 1794, 2691, 5382",23,24
710,5387,"1, 5387",5387,5386,2 · 2693,"2, 2693","1, 2, 2693, 5386",2693,4,5388,2^2 · 3 · 449,"2, 3, 449","1, 2, 3, 4, 6, 12, 449, 898, 1347, 1796, 2694, 5388",449,12
711,5393,"1, 5393",5393,5392,2^4 · 337,"2, 337","1, 2, 4, 8, 16, 337, 674, 1348, 2696, 5392",337,10,5394,2 · 3 · 29 · 31,"2, 3, 29, 31","1, 2, 3, 6, 29, 31, 58, 62, 87, 93, 174, 186, 899, 1798, 2697, 5394",31,16
712,5399,"1, 5399",5399,5398,2 · 2699,"2, 2699","1, 2, 2699, 5398",2699,4,5400,2^3 · 3^3 · 5^2,"2, 3, 5","1, 2, 3, 4, 5, 6, 8, 9, 10, 12, 15, 18, 20, 24, 25, 27, 30, 36, 40, 45, 50, 54, 60, 72, 75, 90, 100, 108, 120, 135, 150, 180, 200, 216, 225, 270, 300, 360, 450, 540, 600, 675, 900, 1080, 1350, 1800, 2700, 5400",5,48
713,5407,"1, 5407",5407,5406,2 · 3 · 17 · 53,"2, 3, 17, 53","1, 2, 3, 6, 17, 34, 51, 53, 102, 106, 159, 318, 901, 1802, 2703, 5406",53,16,5408,2^5 · 13^2,"2, 13","1, 2, 4, 8, 13, 16, 26, 32, 52, 104, 169, 208, 338, 416, 676, 1352, 2704, 5408",13,18
714,5413,"1, 5413",5413,5412,2^2 · 3 · 11 · 41,"2, 3, 11, 41","1, 2, 3, 4, 6, 11, 12, 22, 33, 41, 44, 66, 82, 123, 132, 164, 246, 451, 492, 902, 1353, 1804, 2706, 5412",41,24,5414,2 · 2707,"2, 2707","1, 2, 2707, 5414",2707,4
715,5417,"1, 5417",5417,5416,2^3 · 677,"2, 677","1, 2, 4, 8, 677, 1354, 2708, 5416",677,8,5418,2 · 3^2 · 7 · 43,"2, 3, 7, 43","1, 2, 3, 6, 7, 9, 14, 18, 21, 42, 43, 63, 86, 126, 129, 258, 301, 387, 602, 774, 903, 1806, 2709, 5418",43,24
716,5419,"1, 5419",5419,5418,2 · 3^2 · 7 · 43,"2, 3, 7, 43","1, 2, 3, 6, 7, 9, 14, 18, 21, 42, 43, 63, 86, 126, 129, 258, 301, 387, 602, 774, 903, 1806, 2709, 5418",43,24,5420,2^2 · 5 · 271,"2, 5, 271","1, 2, 4, 5, 10, 20, 271, 542, 1084, 1355, 2710, 5420",271,12
717,5431,"1, 5431",5431,5430,2 · 3 · 5 · 181,"2, 3, 5, 181","1, 2, 3, 5, 6, 10, 15, 30, 181, 362, 543, 905, 1086, 1810, 2715, 5430",181,16,5432,2^3 · 7 · 97,"2, 7, 97","1, 2, 4, 7, 8, 14, 28, 56, 97, 194, 388, 679, 776, 1358, 2716, 5432",97,16
718,5437,"1, 5437",5437,5436,2^2 · 3^2 · 151,"2, 3, 151","1, 2, 3, 4, 6, 9, 12, 18, 36, 151, 302, 453, 604, 906, 1359, 1812, 2718, 5436",151,18,5438,2 · 2719,"2, 2719","1, 2, 2719, 5438",2719,4
719,5441,"1, 5441",5441,5440,2^6 · 5 · 17,"2, 5, 17","1, 2, 4, 5, 8, 10, 16, 17, 20, 32, 34, 40, 64, 68, 80, 85, 136, 160, 170, 272, 320, 340, 544, 680, 1088, 1360, 2720, 5440",17,28,5442,2 · 3 · 907,"2, 3, 907","1, 2, 3, 6, 907, 1814, 2721, 5442",907,8
720,5443,"1, 5443",5443,5442,2 · 3 · 907,"2, 3, 907","1, 2, 3, 6, 907, 1814, 2721, 5442",907,8,5444,2^2 · 1361,"2, 1361","1, 2, 4, 1361, 2722, 5444",1361,6
721,5449,"1, 5449",5449,5448,2^3 · 3 · 227,"2, 3, 227","1, 2, 3, 4, 6, 8, 12, 24, 227, 454, 681, 908, 1362, 1816, 2724, 5448",227,16,5450,2 · 5^2 · 109,"2, 5, 109","1, 2, 5, 10, 25, 50, 109, 218, 545, 1090, 2725, 5450",109,12
722,5471,"1, 5471",5471,5470,2 · 5 · 547,"2, 5, 547","1, 2, 5, 10, 547, 1094, 2735, 5470",547,8,5472,2^5 · 3^2 · 19,"2, 3, 19","1, 2, 3, 4, 6, 8, 9, 12, 16, 18, 19, 24, 32, 36, 38, 48, 57, 72, 76, 96, 114, 144, 152, 171, 228, 288, 304, 342, 456, 608, 684, 912, 1368, 1824, 2736, 5472",19,36
723,5477,"1, 5477",5477,5476,2^2 · 37^2,"2, 37","1, 2, 4, 37, 74, 148, 1369, 2738, 5476",37,9,5478,2 · 3 · 11 · 83,"2, 3, 11, 83","1, 2, 3, 6, 11, 22, 33, 66, 83, 166, 249, 498, 913, 1826, 2739, 5478",83,16
724,5479,"1, 5479",5479,5478,2 · 3 · 11 · 83,"2, 3, 11, 83","1, 2, 3, 6, 11, 22, 33, 66, 83, 166, 249, 498, 913, 1826, 2739, 5478",83,16,5480,2^3 · 5 · 137,"2, 5, 137","1, 2, 4, 5, 8, 10, 20, 40, 137, 274, 548, 685, 1096, 1370, 2740, 5480",137,16
725,5483,"1, 5483",5483,5482,2 · 2741,"2, 2741","1, 2, 2741, 5482",2741,4,5484,2^2 · 3 · 457,"2, 3, 457","1, 2, 3, 4, 6, 12, 457, 914, 1371, 1828, 2742, 5484",457,12
726,5501,"1, 5501",5501,5500,2^2 · 5^3 · 11,"2, 5, 11","1, 2, 4, 5, 10, 11, 20, 22, 25, 44, 50, 55, 100, 110, 125, 220, 250, 275, 500, 550, 1100, 1375, 2750, 5500",11,24,5502,2 · 3 · 7 · 131,"2, 3, 7, 131","1, 2, 3, 6, 7, 14, 21, 42, 131, 262, 393, 786, 917, 1834, 2751, 5502",131,16
727,5503,"1, 5503",5503,5502,2 · 3 · 7 · 131,"2, 3, 7, 131","1, 2, 3, 6, 7, 14, 21, 42, 131, 262, 393, 786, 917, 1834, 2751, 5502",131,16,5504,2^7 · 43,"2, 43","1, 2, 4, 8, 16, 32, 43, 64, 86, 128, 172, 344, 688, 1376, 2752, 5504",43,16
728,5507,"1, 5507",5507,5506,2 · 2753,"2, 2753","1, 2, 2753, 5506",2753,4,5508,2^2 · 3^4 · 17,"2, 3, 17","1, 2, 3, 4, 6, 9, 12, 17, 18, 27, 34, 36, 51, 54, 68, 81, 102, 108, 153, 162, 204, 306, 324, 459, 612, 918, 1377, 1836, 2754, 5508",17,30
729,5519,"1, 5519",5519,5518,2 · 31 · 89,"2, 31, 89","1, 2, 31, 62, 89, 178, 2759, 5518",89,8,5520,2^4 · 3 · 5 · 23,"2, 3, 5, 23","1, 2, 3, 4, 5, 6, 8, 10, 12, 15, 16, 20, 23, 24, 30, 40, 46, 48, 60, 69, 80, 92, 115, 120, 138, 184, 230, 240, 276, 345, 368, 460, 552, 690, 920, 1104, 1380, 1840, 2760, 5520",23,40
730,5521,"1, 5521",5521,5520,2^4 · 3 · 5 · 23,"2, 3, 5, 23","1, 2, 3, 4, 5, 6, 8, 10, 12, 15, 16, 20, 23, 24, 30, 40, 46, 48, 60, 69, 80, 92, 115, 120, 138, 184, 230, 240, 276, 345, 368, 460, 552, 690, 920, 1104, 1380, 1840, 2760, 5520",23,40,5522,2 · 11 · 251,"2, 11, 251","1, 2, 11, 22, 251, 502, 2761, 5522",251,8
731,5527,"1, 5527",5527,5526,2 · 3^2 · 307,"2, 3, 307","1, 2, 3, 6, 9, 18, 307, 614, 921, 1842, 2763, 5526",307,12,5528,2^3 · 691,"2, 691","1, 2, 4, 8, 691, 1382, 2764, 5528",691,8
732,5531,"1, 5531",5531,5530,2 · 5 · 7 · 79,"2, 5, 7, 79","1, 2, 5, 7, 10, 14, 35, 70, 79, 158, 395, 553, 790, 1106, 2765, 5530",79,16,5532,2^2 · 3 · 461,"2, 3, 461","1, 2, 3, 4, 6, 12, 461, 922, 1383, 1844, 2766, 5532",461,12
733,5557,"1, 5557",5557,5556,2^2 · 3 · 463,"2, 3, 463","1, 2, 3, 4, 6, 12, 463, 926, 1389, 1852, 2778, 5556",463,12,5558,2 · 7 · 397,"2, 7, 397","1, 2, 7, 14, 397, 794, 2779, 5558",397,8
734,5563,"1, 5563",5563,5562,2 · 3^3 · 103,"2, 3, 103","1, 2, 3, 6, 9, 18, 27, 54, 103, 206, 309, 618, 927, 1854, 2781, 5562",103,16,5564,2^2 · 13 · 107,"2, 13, 107","1, 2, 4, 13, 26, 52, 107, 214, 428, 1391, 2782, 5564",107,12
735,5569,"1, 5569",5569,5568,2^6 · 3 · 29,"2, 3, 29","1, 2, 3, 4, 6, 8, 12, 16, 24, 29, 32, 48, 58, 64, 87, 96, 116, 174, 192, 232, 348, 464, 696, 928, 1392, 1856, 2784, 5568",29,28,5570,2 · 5 · 557,"2, 5, 557","1, 2, 5, 10, 557, 1114, 2785, 5570",557,8
736,5573,"1, 5573",5573,5572,2^2 · 7 · 199,"2, 7, 199","1, 2, 4, 7, 14, 28, 199, 398, 796, 1393, 2786, 5572",199,12,5574,2 · 3 · 929,"2, 3, 929","1, 2, 3, 6, 929, 1858, 2787, 5574",929,8
737,5581,"1, 5581",5581,5580,2^2 · 3^2 · 5 · 31,"2, 3, 5, 31","1, 2, 3, 4, 5, 6, 9, 10, 12, 15, 18, 20, 30, 31, 36, 45, 60, 62, 90, 93, 124, 155, 180, 186, 279, 310, 372, 465, 558, 620, 930, 1116, 1395, 1860, 2790, 5580",31,36,5582,2 · 2791,"2, 2791","1, 2, 2791, 5582",2791,4
738,5591,"1, 5591",5591,5590,2 · 5 · 13 · 43,"2, 5, 13, 43","1, 2, 5, 10, 13, 26, 43, 65, 86, 130, 215, 430, 559, 1118, 2795, 5590",43,16,5592,2^3 · 3 · 233,"2, 3, 233","1, 2, 3, 4, 6, 8, 12, 24, 233, 466, 699, 932, 1398, 1864, 2796, 5592",233,16
739,5623,"1, 5623",5623,5622,2 · 3 · 937,"2, 3, 937","1, 2, 3, 6, 937, 1874, 2811, 5622",937,8,5624,2^3 · 19 · 37,"2, 19, 37","1, 2, 4, 8, 19, 37, 38, 74, 76, 148, 152, 296, 703, 1406, 2812, 5624",37,16
740,5639,"1, 5639",5639,5638,2 · 2819,"2, 2819","1, 2, 2819, 5638",2819,4,5640,2^3 · 3 · 5 · 47,"2, 3, 5, 47","1, 2, 3, 4, 5, 6, 8, 10, 12, 15, 20, 24, 30, 40, 47, 60, 94, 120, 141, 188, 235, 282, 376, 470, 564, 705, 940, 1128, 1410, 1880, 2820, 5640",47,32
741,5641,"1, 5641",5641,5640,2^3 · 3 · 5 · 47,"2, 3, 5, 47","1, 2, 3, 4, 5, 6, 8, 10, 12, 15, 20, 24, 30, 40, 47, 60, 94, 120, 141, 188, 235, 282, 376, 470, 564, 705, 940, 1128, 1410, 1880, 2820, 5640",47,32,5642,2 · 7 · 13 · 31,"2, 7, 13, 31","1, 2, 7, 13, 14, 26, 31, 62, 91, 182, 217, 403, 434, 806, 2821, 5642",31,16
742,5647,"1, 5647",5647,5646,2 · 3 · 941,"2, 3, 941","1, 2, 3, 6, 941, 1882, 2823, 5646",941,8,5648,2^4 · 353,"2, 353","1, 2, 4, 8, 16, 353, 706, 1412, 2824, 5648",353,10
743,5651,"1, 5651",5651,5650,2 · 5^2 · 113,"2, 5, 113","1, 2, 5, 10, 25, 50, 113, 226, 565, 1130, 2825, 5650",113,12,5652,2^2 · 3^2 · 157,"2, 3, 157","1, 2, 3, 4, 6, 9, 12, 18, 36, 157, 314, 471, 628, 942, 1413, 1884, 2826, 5652",157,18
744,5653,"1, 5653",5653,5652,2^2 · 3^2 · 157,"2, 3, 157","1, 2, 3, 4, 6, 9, 12, 18, 36, 157, 314, 471, 628, 942, 1413, 1884, 2826, 5652",157,18,5654,2 · 11 · 257,"2, 11, 257","1, 2, 11, 22, 257, 514, 2827, 5654",257,8
745,5657,"1, 5657",5657,5656,2^3 · 7 · 101,"2, 7, 101","1, 2, 4, 7, 8, 14, 28, 56, 101, 202, 404, 707, 808, 1414, 2828, 5656",101,16,5658,2 · 3 · 23 · 41,"2, 3, 23, 41","1, 2, 3, 6, 23, 41, 46, 69, 82, 123, 138, 246, 943, 1886, 2829, 5658",41,16
746,5659,"1, 5659",5659,5658,2 · 3 · 23 · 41,"2, 3, 23, 41","1, 2, 3, 6, 23, 41, 46, 69, 82, 123, 138, 246, 943, 1886, 2829, 5658",41,16,5660,2^2 · 5 · 283,"2, 5, 283","1, 2, 4, 5, 10, 20, 283, 566, 1132, 1415, 2830, 5660",283,12
747,5669,"1, 5669",5669,5668,2^2 · 13 · 109,"2, 13, 109","1, 2, 4, 13, 26, 52, 109, 218, 436, 1417, 2834, 5668",109,12,5670,2 · 3^4 · 5 · 7,"2, 3, 5, 7","1, 2, 3, 5, 6, 7, 9, 10, 14, 15, 18, 21, 27, 30, 35, 42, 45, 54, 63, 70, 81, 90, 105, 126, 135, 162, 189, 210, 270, 315, 378, 405, 567, 630, 810, 945, 1134, 1890, 2835, 5670",7,40
748,5683,"1, 5683",5683,5682,2 · 3 · 947,"2, 3, 947","1, 2, 3, 6, 947, 1894, 2841, 5682",947,8,5684,2^2 · 7^2 · 29,"2, 7, 29","1, 2, 4, 7, 14, 28, 29, 49, 58, 98, 116, 196, 203, 406, 812, 1421, 2842, 5684",29,18
749,5689,"1, 5689",5689,5688,2^3 · 3^2 · 79,"2, 3, 79","1, 2, 3, 4, 6, 8, 9, 12, 18, 24, 36, 72, 79, 158, 237, 316, 474, 632, 711, 948, 1422, 1896, 2844, 5688",79,24,5690,2 · 5 · 569,"2, 5, 569","1, 2, 5, 10, 569, 1138, 2845, 5690",569,8
750,5693,"1, 5693",5693,5692,2^2 · 1423,"2, 1423","1, 2, 4, 1423, 2846, 5692",1423,6,5694,2 · 3 · 13 · 73,"2, 3, 13, 73","1, 2, 3, 6, 13, 26, 39, 73, 78, 146, 219, 438, 949, 1898, 2847, 5694",73,16
751,5701,"1, 5701",5701,5700,2^2 · 3 · 5^2 · 19,"2, 3, 5, 19","1, 2, 3, 4, 5, 6, 10, 12, 15, 19, 20, 25, 30, 38, 50, 57, 60, 75, 76, 95, 100, 114, 150, 190, 228, 285, 300, 380, 475, 570, 950, 1140, 1425, 1900, 2850, 5700",19,36,5702,2 · 2851,"2, 2851","1, 2, 2851, 5702",2851,4
752,5711,"1, 5711",5711,5710,2 · 5 · 571,"2, 5, 571","1, 2, 5, 10, 571, 1142, 2855, 5710",571,8,5712,2^4 · 3 · 7 · 17,"2, 3, 7, 17","1, 2, 3, 4, 6, 7, 8, 12, 14, 16, 17, 21, 24, 28, 34, 42, 48, 51, 56, 68, 84, 102, 112, 119, 136, 168, 204, 238, 272, 336, 357, 408, 476, 714, 816, 952, 1428, 1904, 2856, 5712",17,40
753,5717,"1, 5717",5717,5716,2^2 · 1429,"2, 1429","1, 2, 4, 1429, 2858, 5716",1429,6,5718,2 · 3 · 953,"2, 3, 953","1, 2, 3, 6, 953, 1906, 2859, 5718",953,8
754,5737,"1, 5737",5737,5736,2^3 · 3 · 239,"2, 3, 239","1, 2, 3, 4, 6, 8, 12, 24, 239, 478, 717, 956, 1434, 1912, 2868, 5736",239,16,5738,2 · 19 · 151,"2, 19, 151","1, 2, 19, 38, 151, 302, 2869, 5738",151,8
755,5741,"1, 5741",5741,5740,2^2 · 5 · 7 · 41,"2, 5, 7, 41","1, 2, 4, 5, 7, 10, 14, 20, 28, 35, 41, 70, 82, 140, 164, 205, 287, 410, 574, 820, 1148, 1435, 2870, 5740",41,24,5742,2 · 3^2 · 11 · 29,"2, 3, 11, 29","1, 2, 3, 6, 9, 11, 18, 22, 29, 33, 58, 66, 87, 99, 174, 198, 261, 319, 522, 638, 957, 1914, 2871, 5742",29,24
756,5743,"1, 5743",5743,5742,2 · 3^2 · 11 · 29,"2, 3, 11, 29","1, 2, 3, 6, 9, 11, 18, 22, 29, 33, 58, 66, 87, 99, 174, 198, 261, 319, 522, 638, 957, 1914, 2871, 5742",29,24,5744,2^4 · 359,"2, 359","1, 2, 4, 8, 16, 359, 718, 1436, 2872, 5744",359,10
757,5749,"1, 5749",5749,5748,2^2 · 3 · 479,"2, 3, 479","1, 2, 3, 4, 6, 12, 479, 958, 1437, 1916, 2874, 5748",479,12,5750,2 · 5^3 · 23,"2, 5, 23","1, 2, 5, 10, 23, 25, 46, 50, 115, 125, 230, 250, 575, 1150, 2875, 5750",23,16
758,5779,"1, 5779",5779,5778,2 · 3^3 · 107,"2, 3, 107","1, 2, 3, 6, 9, 18, 27, 54, 107, 214, 321, 642, 963, 1926, 2889, 5778",107,16,5780,2^2 · 5 · 17^2,"2, 5, 17","1, 2, 4, 5, 10, 17, 20, 34, 68, 85, 170, 289, 340, 578, 1156, 1445, 2890, 5780",17,18
759,5783,"1, 5783",5783,5782,2 · 7^2 · 59,"2, 7, 59","1, 2, 7, 14, 49, 59, 98, 118, 413, 826, 2891, 5782",59,12,5784,2^3 · 3 · 241,"2, 3, 241","1, 2, 3, 4, 6, 8, 12, 24, 241, 482, 723, 964, 1446, 1928, 2892, 5784",241,16
760,5791,"1, 5791",5791,5790,2 · 3 · 5 · 193,"2, 3, 5, 193","1, 2, 3, 5, 6, 10, 15, 30, 193, 386, 579, 965, 1158, 1930, 2895, 5790",193,16,5792,2^5 · 181,"2, 181","1, 2, 4, 8, 16, 32, 181, 362, 724, 1448, 2896, 5792",181,12
761,5801,"1, 5801",5801,5800,2^3 · 5^2 · 29,"2, 5, 29","1, 2, 4, 5, 8, 10, 20, 25, 29, 40, 50, 58, 100, 116, 145, 200, 232, 290, 580, 725, 1160, 1450, 2900, 5800",29,24,5802,2 · 3 · 967,"2, 3, 967","1, 2, 3, 6, 967, 1934, 2901, 5802",967,8
762,5807,"1, 5807",5807,5806,2 · 2903,"2, 2903","1, 2, 2903, 5806",2903,4,5808,2^4 · 3 · 11^2,"2, 3, 11","1, 2, 3, 4, 6, 8, 11, 12, 16, 22, 24, 33, 44, 48, 66, 88, 121, 132, 176, 242, 264, 363, 484, 528, 726, 968, 1452, 1936, 2904, 5808",11,30
763,5813,"1, 5813",5813,5812,2^2 · 1453,"2, 1453","1, 2, 4, 1453, 2906, 5812",1453,6,5814,2 · 3^2 · 17 · 19,"2, 3, 17, 19","1, 2, 3, 6, 9, 17, 18, 19, 34, 38, 51, 57, 102, 114, 153, 171, 306, 323, 342, 646, 969, 1938, 2907, 5814",19,24
764,5821,"1, 5821",5821,5820,2^2 · 3 · 5 · 97,"2, 3, 5, 97","1, 2, 3, 4, 5, 6, 10, 12, 15, 20, 30, 60, 97, 194, 291, 388, 485, 582, 970, 1164, 1455, 1940, 2910, 5820",97,24,5822,2 · 41 · 71,"2, 41, 71","1, 2, 41, 71, 82, 142, 2911, 5822",71,8
765,5827,"1, 5827",5827,5826,2 · 3 · 971,"2, 3, 971","1, 2, 3, 6, 971, 1942, 2913, 5826",971,8,5828,2^2 · 31 · 47,"2, 31, 47","1, 2, 4, 31, 47, 62, 94, 124, 188, 1457, 2914, 5828",47,12
766,5839,"1, 5839",5839,5838,2 · 3 · 7 · 139,"2, 3, 7, 139","1, 2, 3, 6, 7, 14, 21, 42, 139, 278, 417, 834, 973, 1946, 2919, 5838",139,16,5840,2^4 · 5 · 73,"2, 5, 73","1, 2, 4, 5, 8, 10, 16, 20, 40, 73, 80, 146, 292, 365, 584, 730, 1168, 1460, 2920, 5840",73,20
767,5843,"1, 5843",5843,5842,2 · 23 · 127,"2, 23, 127","1, 2, 23, 46, 127, 254, 2921, 5842",127,8,5844,2^2 · 3 · 487,"2, 3, 487","1, 2, 3, 4, 6, 12, 487, 974, 1461, 1948, 2922, 5844",487,12
768,5849,"1, 5849",5849,5848,2^3 · 17 · 43,"2, 17, 43","1, 2, 4, 8, 17, 34, 43, 68, 86, 136, 172, 344, 731, 1462, 2924, 5848",43,16,5850,2 · 3^2 · 5^2 · 13,"2, 3, 5, 13","1, 2, 3, 5, 6, 9, 10, 13, 15, 18, 25, 26, 30, 39, 45, 50, 65, 75, 78, 90, 117, 130, 150, 195, 225, 234, 325, 390, 450, 585, 650, 975, 1170, 1950, 2925, 5850",13,36
769,5851,"1, 5851",5851,5850,2 · 3^2 · 5^2 · 13,"2, 3, 5, 13","1, 2, 3, 5, 6, 9, 10, 13, 15, 18, 25, 26, 30, 39, 45, 50, 65, 75, 78, 90, 117, 130, 150, 195, 225, 234, 325, 390, 450, 585, 650, 975, 1170, 1950, 2925, 5850",13,36,5852,2^2 · 7 · 11 · 19,"2, 7, 11, 19","1, 2, 4, 7, 11, 14, 19, 22, 28, 38, 44, 76, 77, 133, 154, 209, 266, 308, 418, 532, 836, 1463, 2926, 5852",19,24
770,5857,"1, 5857",5857,5856,2^5 · 3 · 61,"2, 3, 61","1, 2, 3, 4, 6, 8, 12, 16, 24, 32, 48, 61, 96, 122, 183, 244, 366, 488, 732, 976, 1464, 1952, 2928, 5856",61,24,5858,2 · 29 · 101,"2, 29, 101","1, 2, 29, 58, 101, 202, 2929, 5858",101,8
771,5861,"1, 5861",5861,5860,2^2 · 5 · 293,"2, 5, 293","1, 2, 4, 5, 10, 20, 293, 586, 1172, 1465, 2930, 5860",293,12,5862,2 · 3 · 977,"2, 3, 977","1, 2, 3, 6, 977, 1954, 2931, 5862",977,8
772,5867,"1, 5867",5867,5866,2 · 7 · 419,"2, 7, 419","1, 2, 7, 14, 419, 838, 2933, 5866",419,8,5868,2^2 · 3^2 · 163,"2, 3, 163","1, 2, 3, 4, 6, 9, 12, 18, 36, 163, 326, 489, 652, 978, 1467, 1956, 2934, 5868",163,18
773,5869,"1, 5869",5869,5868,2^2 · 3^2 · 163,"2, 3, 163","1, 2, 3, 4, 6, 9, 12, 18, 36, 163, 326, 489, 652, 978, 1467, 1956, 2934, 5868",163,18,5870,2 · 5 · 587,"2, 5, 587","1, 2, 5, 10, 587, 1174, 2935, 5870",587,8
774,5879,"1, 5879",5879,5878,2 · 2939,"2, 2939","1, 2, 2939, 5878",2939,4,5880,2^3 · 3 · 5 · 7^2,"2, 3, 5, 7","1, 2, 3, 4, 5, 6, 7, 8, 10, 12, 14, 15, 20, 21, 24, 28, 30, 35, 40, 42, 49, 56, 60, 70, 84, 98, 105, 120, 140, 147, 168, 196, 210, 245, 280, 294, 392, 420, 490, 588, 735, 840, 980, 1176, 1470, 1960, 2940, 5880",7,48
775,5881,"1, 5881",5881,5880,2^3 · 3 · 5 · 7^2,"2, 3, 5, 7","1, 2, 3, 4, 5, 6, 7, 8, 10, 12, 14, 15, 20, 21, 24, 28, 30, 35, 40, 42, 49, 56, 60, 70, 84, 98, 105, 120, 140, 147, 168, 196, 210, 245, 280, 294, 392, 420, 490, 588, 735, 840, 980, 1176, 1470, 1960, 2940, 5880",7,48,5882,2 · 17 · 173,"2, 17, 173","1, 2, 17, 34, 173, 346, 2941, 5882",173,8
776,5897,"1, 5897",5897,5896,2^3 · 11 · 67,"2, 11, 67","1, 2, 4, 8, 11, 22, 44, 67, 88, 134, 268, 536, 737, 1474, 2948, 5896",67,16,5898,2 · 3 · 983,"2, 3, 983","1, 2, 3, 6, 983, 1966, 2949, 5898",983,8
777,5903,"1, 5903",5903,5902,2 · 13 · 227,"2, 13, 227","1, 2, 13, 26, 227, 454, 2951, 5902",227,8,5904,2^4 · 3^2 · 41,"2, 3, 41","1, 2, 3, 4, 6, 8, 9, 12, 16, 18, 24, 36, 41, 48, 72, 82, 123, 144, 164, 246, 328, 369, 492, 656, 738, 984, 1476, 1968, 2952, 5904",41,30
778,5923,"1, 5923",5923,5922,2 · 3^2 · 7 · 47,"2, 3, 7, 47","1, 2, 3, 6, 7, 9, 14, 18, 21, 42, 47, 63, 94, 126, 141, 282, 329, 423, 658, 846, 987, 1974, 2961, 5922",47,24,5924,2^2 · 1481,"2, 1481","1, 2, 4, 1481, 2962, 5924",1481,6
779,5927,"1, 5927",5927,5926,2 · 2963,"2, 2963","1, 2, 2963, 5926",2963,4,5928,2^3 · 3 · 13 · 19,"2, 3, 13, 19","1, 2, 3, 4, 6, 8, 12, 13, 19, 24, 26, 38, 39, 52, 57, 76, 78, 104, 114, 152, 156, 228, 247, 312, 456, 494, 741, 988, 1482, 1976, 2964, 5928",19,32
780,5939,"1, 5939",5939,5938,2 · 2969,"2, 2969","1, 2, 2969, 5938",2969,4,5940,2^2 · 3^3 · 5 · 11,"2, 3, 5, 11","1, 2, 3, 4, 5, 6, 9, 10, 11, 12, 15, 18, 20, 22, 27, 30, 33, 36, 44, 45, 54, 55, 60, 66, 90, 99, 108, 110, 132, 135, 165, 180, 198, 220, 270, 297, 330, 396, 495, 540, 594, 660, 990, 1188, 1485, 1980, 2970, 5940",11,48
781,5953,"1, 5953",5953,5952,2^6 · 3 · 31,"2, 3, 31","1, 2, 3, 4, 6, 8, 12, 16, 24, 31, 32, 48, 62, 64, 93, 96, 124, 186, 192, 248, 372, 496, 744, 992, 1488, 1984, 2976, 5952",31,28,5954,2 · 13 · 229,"2, 13, 229","1, 2, 13, 26, 229, 458, 2977, 5954",229,8
782,5981,"1, 5981",5981,5980,2^2 · 5 · 13 · 23,"2, 5, 13, 23","1, 2, 4, 5, 10, 13, 20, 23, 26, 46, 52, 65, 92, 115, 130, 230, 260, 299, 460, 598, 1196, 1495, 2990, 5980",23,24,5982,2 · 3 · 997,"2, 3, 997","1, 2, 3, 6, 997, 1994, 2991, 5982",997,8
783,5987,"1, 5987",5987,5986,2 · 41 · 73,"2, 41, 73","1, 2, 41, 73, 82, 146, 2993, 5986",73,8,5988,2^2 · 3 · 499,"2, 3, 499","1, 2, 3, 4, 6, 12, 499, 998, 1497, 1996, 2994, 5988",499,12
784,6007,"1, 6007",6007,6006,2 · 3 · 7 · 11 · 13,"2, 3, 7, 11, 13","1, 2, 3, 6, 7, 11, 13, 14, 21, 22, 26, 33, 39, 42, 66, 77, 78, 91, 143, 154, 182, 231, 273, 286, 429, 462, 546, 858, 1001, 2002, 3003, 6006",13,32,6008,2^3 · 751,"2, 751","1, 2, 4, 8, 751, 1502, 3004, 6008",751,8
785,6011,"1, 6011",6011,6010,2 · 5 · 601,"2, 5, 601","1, 2, 5, 10, 601, 1202, 3005, 6010",601,8,6012,2^2 · 3^2 · 167,"2, 3, 167","1, 2, 3, 4, 6, 9, 12, 18, 36, 167, 334, 501, 668, 1002, 1503, 2004, 3006, 6012",167,18
786,6029,"1, 6029",6029,6028,2^2 · 11 · 137,"2, 11, 137","1, 2, 4, 11, 22, 44, 137, 274, 548, 1507, 3014, 6028",137,12,6030,2 · 3^2 · 5 · 67,"2, 3, 5, 67","1, 2, 3, 5, 6, 9, 10, 15, 18, 30, 45, 67, 90, 134, 201, 335, 402, 603, 670, 1005, 1206, 2010, 3015, 6030",67,24
787,6037,"1, 6037",6037,6036,2^2 · 3 · 503,"2, 3, 503","1, 2, 3, 4, 6, 12, 503, 1006, 1509, 2012, 3018, 6036",503,12,6038,2 · 3019,"2, 3019","1, 2, 3019, 6038",3019,4
788,6043,"1, 6043",6043,6042,2 · 3 · 19 · 53,"2, 3, 19, 53","1, 2, 3, 6, 19, 38, 53, 57, 106, 114, 159, 318, 1007, 2014, 3021, 6042",53,16,6044,2^2 · 1511,"2, 1511","1, 2, 4, 1511, 3022, 6044",1511,6
789,6047,"1, 6047",6047,6046,2 · 3023,"2, 3023","1, 2, 3023, 6046",3023,4,6048,2^5 · 3^3 · 7,"2, 3, 7","1, 2, 3, 4, 6, 7, 8, 9, 12, 14, 16, 18, 21, 24, 27, 28, 32, 36, 42, 48, 54, 56, 63, 72, 84, 96, 108, 112, 126, 144, 168, 189, 216, 224, 252, 288, 336, 378, 432, 504, 672, 756, 864, 1008, 1512, 2016, 3024, 6048",7,48
790,6053,"1, 6053",6053,6052,2^2 · 17 · 89,"2, 17, 89","1, 2, 4, 17, 34, 68, 89, 178, 356, 1513, 3026, 6052",89,12,6054,2 · 3 · 1009,"2, 3, 1009","1, 2, 3, 6, 1009, 2018, 3027, 6054",1009,8
791,6067,"1, 6067",6067,6066,2 · 3^2 · 337,"2, 3, 337","1, 2, 3, 6, 9, 18, 337, 674, 1011, 2022, 3033, 6066",337,12,6068,2^2 · 37 · 41,"2, 37, 41","1, 2, 4, 37, 41, 74, 82, 148, 164, 1517, 3034, 6068",41,12
792,6073,"1, 6073",6073,6072,2^3 · 3 · 11 · 23,"2, 3, 11, 23","1, 2, 3, 4, 6, 8, 11, 12, 22, 23, 24, 33, 44, 46, 66, 69, 88, 92, 132, 138, 184, 253, 264, 276, 506, 552, 759, 1012, 1518, 2024, 3036, 6072",23,32,6074,2 · 3037,"2, 3037","1, 2, 3037, 6074",3037,4
793,6079,"1, 6079",6079,6078,2 · 3 · 1013,"2, 3, 1013","1, 2, 3, 6, 1013, 2026, 3039, 6078",1013,8,6080,2^6 · 5 · 19,"2, 5, 19","1, 2, 4, 5, 8, 10, 16, 19, 20, 32, 38, 40, 64, 76, 80, 95, 152, 160, 190, 304, 320, 380, 608, 760, 1216, 1520, 3040, 6080",19,28
794,6089,"1, 6089",6089,6088,2^3 · 761,"2, 761","1, 2, 4, 8, 761, 1522, 3044, 6088",761,8,6090,2 · 3 · 5 · 7 · 29,"2, 3, 5, 7, 29","1, 2, 3, 5, 6, 7, 10, 14, 15, 21, 29, 30, 35, 42, 58, 70, 87, 105, 145, 174, 203, 210, 290, 406, 435, 609, 870, 1015, 1218, 2030, 3045, 6090",29,32
795,6091,"1, 6091",6091,6090,2 · 3 · 5 · 7 · 29,"2, 3, 5, 7, 29","1, 2, 3, 5, 6, 7, 10, 14, 15, 21, 29, 30, 35, 42, 58, 70, 87, 105, 145, 174, 203, 210, 290, 406, 435, 609, 870, 1015, 1218, 2030, 3045, 6090",29,32,6092,2^2 · 1523,"2, 1523","1, 2, 4, 1523, 3046, 6092",1523,6
796,6101,"1, 6101",6101,6100,2^2 · 5^2 · 61,"2, 5, 61","1, 2, 4, 5, 10, 20, 25, 50, 61, 100, 122, 244, 305, 610, 1220, 1525, 3050, 6100",61,18,6102,2 · 3^3 · 113,"2, 3, 113","1, 2, 3, 6, 9, 18, 27, 54, 113, 226, 339, 678, 1017, 2034, 3051, 6102",113,16
797,6113,"1, 6113",6113,6112,2^5 · 191,"2, 191","1, 2, 4, 8, 16, 32, 191, 382, 764, 1528, 3056, 6112",191,12,6114,2 · 3 · 1019,"2, 3, 1019","1, 2, 3, 6, 1019, 2038, 3057, 6114",1019,8
798,6121,"1, 6121",6121,6120,2^3 · 3^2 · 5 · 17,"2, 3, 5, 17","1, 2, 3, 4, 5, 6, 8, 9, 10, 12, 15, 17, 18, 20, 24, 30, 34, 36, 40, 45, 51, 60, 68, 72, 85, 90, 102, 120, 136, 153, 170, 180, 204, 255, 306, 340, 360, 408, 510, 612, 680, 765, 1020, 1224, 1530, 2040, 3060, 6120",17,48,6122,2 · 3061,"2, 3061","1, 2, 3061, 6122",3061,4
799,6131,"1, 6131",6131,6130,2 · 5 · 613,"2, 5, 613","1, 2, 5, 10, 613, 1226, 3065, 6130",613,8,6132,2^2 · 3 · 7 · 73,"2, 3, 7, 73","1, 2, 3, 4, 6, 7, 12, 14, 21, 28, 42, 73, 84, 146, 219, 292, 438, 511, 876, 1022, 1533, 2044, 3066, 6132",73,24
800,6133,"1, 6133",6133,6132,2^2 · 3 · 7 · 73,"2, 3, 7, 73","1, 2, 3, 4, 6, 7, 12, 14, 21, 28, 42, 73, 84, 146, 219, 292, 438, 511, 876, 1022, 1533, 2044, 3066, 6132",73,24,6134,2 · 3067,"2, 3067","1, 2, 3067, 6134",3067,4
801,6143,"1, 6143",6143,6142,2 · 37 · 83,"2, 37, 83","1, 2, 37, 74, 83, 166, 3071, 6142",83,8,6144,2^11 · 3,"2, 3","1, 2, 3, 4, 6, 8, 12, 16, 24, 32, 48, 64, 96, 128, 192, 256, 384, 512, 768, 1024, 1536, 2048, 3072, 6144",3,24
802,6151,"1, 6151",6151,6150,2 · 3 · 5^2 · 41,"2, 3, 5, 41","1, 2, 3, 5, 6, 10, 15, 25, 30, 41, 50, 75, 82, 123, 150, 205, 246, 410, 615, 1025, 1230, 2050, 3075, 6150",41,24,6152,2^3 · 769,"2, 769","1, 2, 4, 8, 769, 1538, 3076, 6152",769,8
803,6163,"1, 6163",6163,6162,2 · 3 · 13 · 79,"2, 3, 13, 79","1, 2, 3, 6, 13, 26, 39, 78, 79, 158, 237, 474, 1027, 2054, 3081, 6162",79,16,6164,2^2 · 23 · 67,"2, 23, 67","1, 2, 4, 23, 46, 67, 92, 134, 268, 1541, 3082, 6164",67,12
804,6173,"1, 6173",6173,6172,2^2 · 1543,"2, 1543","1, 2, 4, 1543, 3086, 6172",1543,6,6174,2 · 3^2 · 7^3,"2, 3, 7","1, 2, 3, 6, 7, 9, 14, 18, 21, 42, 49, 63, 98, 126, 147, 294, 343, 441, 686, 882, 1029, 2058, 3087, 6174",7,24
805,6197,"1, 6197",6197,6196,2^2 · 1549,"2, 1549","1, 2, 4, 1549, 3098, 6196",1549,6,6198,2 · 3 · 1033,"2, 3, 1033","1, 2, 3, 6, 1033, 2066, 3099, 6198",1033,8
806,6199,"1, 6199",6199,6198,2 · 3 · 1033,"2, 3, 1033","1, 2, 3, 6, 1033, 2066, 3099, 6198",1033,8,6200,2^3 · 5^2 · 31,"2, 5, 31","1, 2, 4, 5, 8, 10, 20, 25, 31, 40, 50, 62, 100, 124, 155, 200, 248, 310, 620, 775, 1240, 1550, 3100, 6200",31,24
807,6203,"1, 6203",6203,6202,2 · 7 · 443,"2, 7, 443","1, 2, 7, 14, 443, 886, 3101, 6202",443,8,6204,2^2 · 3 · 11 · 47,"2, 3, 11, 47","1, 2, 3, 4, 6, 11, 12, 22, 33, 44, 47, 66, 94, 132, 141, 188, 282, 517, 564, 1034, 1551, 2068, 3102, 6204",47,24
808,6211,"1, 6211",6211,6210,2 · 3^3 · 5 · 23,"2, 3, 5, 23","1, 2, 3, 5, 6, 9, 10, 15, 18, 23, 27, 30, 45, 46, 54, 69, 90, 115, 135, 138, 207, 230, 270, 345, 414, 621, 690, 1035, 1242, 2070, 3105, 6210",23,32,6212,2^2 · 1553,"2, 1553","1, 2, 4, 1553, 3106, 6212",1553,6
809,6217,"1, 6217",6217,6216,2^3 · 3 · 7 · 37,"2, 3, 7, 37","1, 2, 3, 4, 6, 7, 8, 12, 14, 21, 24, 28, 37, 42, 56, 74, 84, 111, 148, 168, 222, 259, 296, 444, 518, 777, 888, 1036, 1554, 2072, 3108, 6216",37,32,6218,2 · 3109,"2, 3109","1, 2, 3109, 6218",3109,4
810,6221,"1, 6221",6221,6220,2^2 · 5 · 311,"2, 5, 311","1, 2, 4, 5, 10, 20, 311, 622, 1244, 1555, 3110, 6220",311,12,6222,2 · 3 · 17 · 61,"2, 3, 17, 61","1, 2, 3, 6, 17, 34, 51, 61, 102, 122, 183, 366, 1037, 2074, 3111, 6222",61,16
811,6229,"1, 6229",6229,6228,2^2 · 3^2 · 173,"2, 3, 173","1, 2, 3, 4, 6, 9, 12, 18, 36, 173, 346, 519, 692, 1038, 1557, 2076, 3114, 6228",173,18,6230,2 · 5 · 7 · 89,"2, 5, 7, 89","1, 2, 5, 7, 10, 14, 35, 70, 89, 178, 445, 623, 890, 1246, 3115, 6230",89,16
812,6247,"1, 6247",6247,6246,2 · 3^2 · 347,"2, 3, 347","1, 2, 3, 6, 9, 18, 347, 694, 1041, 2082, 3123, 6246",347,12,6248,2^3 · 11 · 71,"2, 11, 71","1, 2, 4, 8, 11, 22, 44, 71, 88, 142, 284, 568, 781, 1562, 3124, 6248",71,16
813,6257,"1, 6257",6257,6256,2^4 · 17 · 23,"2, 17, 23","1, 2, 4, 8, 16, 17, 23, 34, 46, 68, 92, 136, 184, 272, 368, 391, 782, 1564, 3128, 6256",23,20,6258,2 · 3 · 7 · 149,"2, 3, 7, 149","1, 2, 3, 6, 7, 14, 21, 42, 149, 298, 447, 894, 1043, 2086, 3129, 6258",149,16
814,6263,"1, 6263",6263,6262,2 · 31 · 101,"2, 31, 101","1, 2, 31, 62, 101, 202, 3131, 6262",101,8,6264,2^3 · 3^3 · 29,"2, 3, 29","1, 2, 3, 4, 6, 8, 9, 12, 18, 24, 27, 29, 36, 54, 58, 72, 87, 108, 116, 174, 216, 232, 261, 348, 522, 696, 783, 1044, 1566, 2088, 3132, 6264",29,32
815,6269,"1, 6269",6269,6268,2^2 · 1567,"2, 1567","1, 2, 4, 1567, 3134, 6268",1567,6,6270,2 · 3 · 5 · 11 · 19,"2, 3, 5, 11, 19","1, 2, 3, 5, 6, 10, 11, 15, 19, 22, 30, 33, 38, 55, 57, 66, 95, 110, 114, 165, 190, 209, 285, 330, 418, 570, 627, 1045, 1254, 2090, 3135, 6270",19,32
816,6271,"1, 6271",6271,6270,2 · 3 · 5 · 11 · 19,"2, 3, 5, 11, 19","1, 2, 3, 5, 6, 10, 11, 15, 19, 22, 30, 33, 38, 55, 57, 66, 95, 110, 114, 165, 190, 209, 285, 330, 418, 570, 627, 1045, 1254, 2090, 3135, 6270",19,32,6272,2^7 · 7^2,"2, 7","1, 2, 4, 7, 8, 14, 16, 28, 32, 49, 56, 64, 98, 112, 128, 196, 224, 392, 448, 784, 896, 1568, 3136, 6272",7,24
817,6277,"1, 6277",6277,6276,2^2 · 3 · 523,"2, 3, 523","1, 2, 3, 4, 6, 12, 523, 1046, 1569, 2092, 3138, 6276",523,12,6278,2 · 43 · 73,"2, 43, 73","1, 2, 43, 73, 86, 146, 3139, 6278",73,8
818,6287,"1, 6287",6287,6286,2 · 7 · 449,"2, 7, 449","1, 2, 7, 14, 449, 898, 3143, 6286",449,8,6288,2^4 · 3 · 131,"2, 3, 131","1, 2, 3, 4, 6, 8, 12, 16, 24, 48, 131, 262, 393, 524, 786, 1048, 1572, 2096, 3144, 6288",131,20
819,6299,"1, 6299",6299,6298,2 · 47 · 67,"2, 47, 67","1, 2, 47, 67, 94, 134, 3149, 6298",67,8,6300,2^2 · 3^2 · 5^2 · 7,"2, 3, 5, 7","1, 2, 3, 4, 5, 6, 7, 9, 10, 12, 14, 15, 18, 20, 21, 25, 28, 30, 35, 36, 42, 45, 50, 60, 63, 70, 75, 84, 90, 100, 105, 126, 140, 150, 175, 180, 210, 225, 252, 300, 315, 350, 420, 450, 525, 630, 700, 900, 1050, 1260, 1575, 2100, 3150, 6300",7,54
820,6301,"1, 6301",6301,6300,2^2 · 3^2 · 5^2 · 7,"2, 3, 5, 7","1, 2, 3, 4, 5, 6, 7, 9, 10, 12, 14, 15, 18, 20, 21, 25, 28, 30, 35, 36, 42, 45, 50, 60, 63, 70, 75, 84, 90, 100, 105, 126, 140, 150, 175, 180, 210, 225, 252, 300, 315, 350, 420, 450, 525, 630, 700, 900, 1050, 1260, 1575, 2100, 3150, 6300",7,54,6302,2 · 23 · 137,"2, 23, 137","1, 2, 23, 46, 137, 274, 3151, 6302",137,8
821,6311,"1, 6311",6311,6310,2 · 5 · 631,"2, 5, 631","1, 2, 5, 10, 631, 1262, 3155, 6310",631,8,6312,2^3 · 3 · 263,"2, 3, 263","1, 2, 3, 4, 6, 8, 12, 24, 263, 526, 789, 1052, 1578, 2104, 3156, 6312",263,16
822,6317,"1, 6317",6317,6316,2^2 · 1579,"2, 1579","1, 2, 4, 1579, 3158, 6316",1579,6,6318,2 · 3^5 · 13,"2, 3, 13","1, 2, 3, 6, 9, 13, 18, 26, 27, 39, 54, 78, 81, 117, 162, 234, 243, 351, 486, 702, 1053, 2106, 3159, 6318",13,24
823,6323,"1, 6323",6323,6322,2 · 29 · 109,"2, 29, 109","1, 2, 29, 58, 109, 218, 3161, 6322",109,8,6324,2^2 · 3 · 17 · 31,"2, 3, 17, 31","1, 2, 3, 4, 6, 12, 17, 31, 34, 51, 62, 68, 93, 102, 124, 186, 204, 372, 527, 1054, 1581, 2108, 3162, 6324",31,24
824,6329,"1, 6329",6329,6328,2^3 · 7 · 113,"2, 7, 113","1, 2, 4, 7, 8, 14, 28, 56, 113, 226, 452, 791, 904, 1582, 3164, 6328",113,16,6330,2 · 3 · 5 · 211,"2, 3, 5, 211","1, 2, 3, 5, 6, 10, 15, 30, 211, 422, 633, 1055, 1266, 2110, 3165, 6330",211,16
825,6337,"1, 6337",6337,6336,2^6 · 3^2 · 11,"2, 3, 11","1, 2, 3, 4, 6, 8, 9, 11, 12, 16, 18, 22, 24, 32, 33, 36, 44, 48, 64, 66, 72, 88, 96, 99, 132, 144, 176, 192, 198, 264, 288, 352, 396, 528, 576, 704, 792, 1056, 1584, 2112, 3168, 6336",11,42,6338,2 · 3169,"2, 3169","1, 2, 3169, 6338",3169,4
826,6343,"1, 6343",6343,6342,2 · 3 · 7 · 151,"2, 3, 7, 151","1, 2, 3, 6, 7, 14, 21, 42, 151, 302, 453, 906, 1057, 2114, 3171, 6342",151,16,6344,2^3 · 13 · 61,"2, 13, 61","1, 2, 4, 8, 13, 26, 52, 61, 104, 122, 244, 488, 793, 1586, 3172, 6344",61,16
827,6353,"1, 6353",6353,6352,2^4 · 397,"2, 397","1, 2, 4, 8, 16, 397, 794, 1588, 3176, 6352",397,10,6354,2 · 3^2 · 353,"2, 3, 353","1, 2, 3, 6, 9, 18, 353, 706, 1059, 2118, 3177, 6354",353,12
828,6359,"1, 6359",6359,6358,2 · 11 · 17^2,"2, 11, 17","1, 2, 11, 17, 22, 34, 187, 289, 374, 578, 3179, 6358",17,12,6360,2^3 · 3 · 5 · 53,"2, 3, 5, 53","1, 2, 3, 4, 5, 6, 8, 10, 12, 15, 20, 24, 30, 40, 53, 60, 106, 120, 159, 212, 265, 318, 424, 530, 636, 795, 1060, 1272, 1590, 2120, 3180, 6360",53,32
829,6361,"1, 6361",6361,6360,2^3 · 3 · 5 · 53,"2, 3, 5, 53","1, 2, 3, 4, 5, 6, 8, 10, 12, 15, 20, 24, 30, 40, 53, 60, 106, 120, 159, 212, 265, 318, 424, 530, 636, 795, 1060, 1272, 1590, 2120, 3180, 6360",53,32,6362,2 · 3181,"2, 3181","1, 2, 3181, 6362",3181,4
830,6367,"1, 6367",6367,6366,2 · 3 · 1061,"2, 3, 1061","1, 2, 3, 6, 1061, 2122, 3183, 6366",1061,8,6368,2^5 · 199,"2, 199","1, 2, 4, 8, 16, 32, 199, 398, 796, 1592, 3184, 6368",199,12
831,6373,"1, 6373",6373,6372,2^2 · 3^3 · 59,"2, 3, 59","1, 2, 3, 4, 6, 9, 12, 18, 27, 36, 54, 59, 108, 118, 177, 236, 354, 531, 708, 1062, 1593, 2124, 3186, 6372",59,24,6374,2 · 3187,"2, 3187","1, 2, 3187, 6374",3187,4
832,6379,"1, 6379",6379,6378,2 · 3 · 1063,"2, 3, 1063","1, 2, 3, 6, 1063, 2126, 3189, 6378",1063,8,6380,2^2 · 5 · 11 · 29,"2, 5, 11, 29","1, 2, 4, 5, 10, 11, 20, 22, 29, 44, 55, 58, 110, 116, 145, 220, 290, 319, 580, 638, 1276, 1595, 3190, 6380",29,24
833,6389,"1, 6389",6389,6388,2^2 · 1597,"2, 1597","1, 2, 4, 1597, 3194, 6388",1597,6,6390,2 · 3^2 · 5 · 71,"2, 3, 5, 71","1, 2, 3, 5, 6, 9, 10, 15, 18, 30, 45, 71, 90, 142, 213, 355, 426, 639, 710, 1065, 1278, 2130, 3195, 6390",71,24
834,6397,"1, 6397",6397,6396,2^2 · 3 · 13 · 41,"2, 3, 13, 41","1, 2, 3, 4, 6, 12, 13, 26, 39, 41, 52, 78, 82, 123, 156, 164, 246, 492, 533, 1066, 1599, 2132, 3198, 6396",41,24,6398,2 · 7 · 457,"2, 7, 457","1, 2, 7, 14, 457, 914, 3199, 6398",457,8
835,6421,"1, 6421",6421,6420,2^2 · 3 · 5 · 107,"2, 3, 5, 107","1, 2, 3, 4, 5, 6, 10, 12, 15, 20, 30, 60, 107, 214, 321, 428, 535, 642, 1070, 1284, 1605, 2140, 3210, 6420",107,24,6422,2 · 13^2 · 19,"2, 13, 19","1, 2, 13, 19, 26, 38, 169, 247, 338, 494, 3211, 6422",19,12
836,6427,"1, 6427",6427,6426,2 · 3^3 · 7 · 17,"2, 3, 7, 17","1, 2, 3, 6, 7, 9, 14, 17, 18, 21, 27, 34, 42, 51, 54, 63, 102, 119, 126, 153, 189, 238, 306, 357, 378, 459, 714, 918, 1071, 2142, 3213, 6426",17,32,6428,2^2 · 1607,"2, 1607","1, 2, 4, 1607, 3214, 6428",1607,6
837,6449,"1, 6449",6449,6448,2^4 · 13 · 31,"2, 13, 31","1, 2, 4, 8, 13, 16, 26, 31, 52, 62, 104, 124, 208, 248, 403, 496, 806, 1612, 3224, 6448",31,20,6450,2 · 3 · 5^2 · 43,"2, 3, 5, 43","1, 2, 3, 5, 6, 10, 15, 25, 30, 43, 50, 75, 86, 129, 150, 215, 258, 430, 645, 1075, 1290, 2150, 3225, 6450",43,24
838,6451,"1, 6451",6451,6450,2 · 3 · 5^2 · 43,"2, 3, 5, 43","1, 2, 3, 5, 6, 10, 15, 25, 30, 43, 50, 75, 86, 129, 150, 215, 258, 430, 645, 1075, 1290, 2150, 3225, 6450",43,24,6452,2^2 · 1613,"2, 1613","1, 2, 4, 1613, 3226, 6452",1613,6
839,6469,"1, 6469",6469,6468,2^2 · 3 · 7^2 · 11,"2, 3, 7, 11","1, 2, 3, 4, 6, 7, 11, 12, 14, 21, 22, 28, 33, 42, 44, 49, 66, 77, 84, 98, 132, 147, 154, 196, 231, 294, 308, 462, 539, 588, 924, 1078, 1617, 2156, 3234, 6468",11,36,6470,2 · 5 · 647,"2, 5, 647","1, 2, 5, 10, 647, 1294, 3235, 6470",647,8
840,6473,"1, 6473",6473,6472,2^3 · 809,"2, 809","1, 2, 4, 8, 809, 1618, 3236, 6472",809,8,6474,2 · 3 · 13 · 83,"2, 3, 13, 83","1, 2, 3, 6, 13, 26, 39, 78, 83, 166, 249, 498, 1079, 2158, 3237, 6474",83,16
841,6481,"1, 6481",6481,6480,2^4 · 3^4 · 5,"2, 3, 5","1, 2, 3, 4, 5, 6, 8, 9, 10, 12, 15, 16, 18, 20, 24, 27, 30, 36, 40, 45, 48, 54, 60, 72, 80, 81, 90, 108, 120, 135, 144, 162, 180, 216, 240, 270, 324, 360, 405, 432, 540, 648, 720, 810, 1080, 1296, 1620, 2160, 3240, 6480",5,50,6482,2 · 7 · 463,"2, 7, 463","1, 2, 7, 14, 463, 926, 3241, 6482",463,8
842,6491,"1, 6491",6491,6490,2 · 5 · 11 · 59,"2, 5, 11, 59","1, 2, 5, 10, 11, 22, 55, 59, 110, 118, 295, 590, 649, 1298, 3245, 6490",59,16,6492,2^2 · 3 · 541,"2, 3, 541","1, 2, 3, 4, 6, 12, 541, 1082, 1623, 2164, 3246, 6492",541,12
843,6521,"1, 6521",6521,6520,2^3 · 5 · 163,"2, 5, 163","1, 2, 4, 5, 8, 10, 20, 40, 163, 326, 652, 815, 1304, 1630, 3260, 6520",163,16,6522,2 · 3 · 1087,"2, 3, 1087","1, 2, 3, 6, 1087, 2174, 3261, 6522",1087,8
844,6529,"1, 6529",6529,6528,2^7 · 3 · 17,"2, 3, 17","1, 2, 3, 4, 6, 8, 12, 16, 17, 24, 32, 34, 48, 51, 64, 68, 96, 102, 128, 136, 192, 204, 272, 384, 408, 544, 816, 1088, 1632, 2176, 3264, 6528",17,32,6530,2 · 5 · 653,"2, 5, 653","1, 2, 5, 10, 653, 1306, 3265, 6530",653,8
845,6547,"1, 6547",6547,6546,2 · 3 · 1091,"2, 3, 1091","1, 2, 3, 6, 1091, 2182, 3273, 6546",1091,8,6548,2^2 · 1637,"2, 1637","1, 2, 4, 1637, 3274, 6548",1637,6
846,6551,"1, 6551",6551,6550,2 · 5^2 · 131,"2, 5, 131","1, 2, 5, 10, 25, 50, 131, 262, 655, 1310, 3275, 6550",131,12,6552,2^3 · 3^2 · 7 · 13,"2, 3, 7, 13","1, 2, 3, 4, 6, 7, 8, 9, 12, 13, 14, 18, 21, 24, 26, 28, 36, 39, 42, 52, 56, 63, 72, 78, 84, 91, 104, 117, 126, 156, 168, 182, 234, 252, 273, 312, 364, 468, 504, 546, 728, 819, 936, 1092, 1638, 2184, 3276, 6552",13,48
847,6553,"1, 6553",6553,6552,2^3 · 3^2 · 7 · 13,"2, 3, 7, 13","1, 2, 3, 4, 6, 7, 8, 9, 12, 13, 14, 18, 21, 24, 26, 28, 36, 39, 42, 52, 56, 63, 72, 78, 84, 91, 104, 117, 126, 156, 168, 182, 234, 252, 273, 312, 364, 468, 504, 546, 728, 819, 936, 1092, 1638, 2184, 3276, 6552",13,48,6554,2 · 29 · 113,"2, 29, 113","1, 2, 29, 58, 113, 226, 3277, 6554",113,8
848,6563,"1, 6563",6563,6562,2 · 17 · 193,"2, 17, 193","1, 2, 17, 34, 193, 386, 3281, 6562",193,8,6564,2^2 · 3 · 547,"2, 3, 547","1, 2, 3, 4, 6, 12, 547, 1094, 1641, 2188, 3282, 6564",547,12
849,6569,"1, 6569",6569,6568,2^3 · 821,"2, 821","1, 2, 4, 8, 821, 1642, 3284, 6568",821,8,6570,2 · 3^2 · 5 · 73,"2, 3, 5, 73","1, 2, 3, 5, 6, 9, 10, 15, 18, 30, 45, 73, 90, 146, 219, 365, 438, 657, 730, 1095, 1314, 2190, 3285, 6570",73,24
850,6571,"1, 6571",6571,6570,2 · 3^2 · 5 · 73,"2, 3, 5, 73","1, 2, 3, 5, 6, 9, 10, 15, 18, 30, 45, 73, 90, 146, 219, 365, 438, 657, 730, 1095, 1314, 2190, 3285, 6570",73,24,6572,2^2 · 31 · 53,"2, 31, 53","1, 2, 4, 31, 53, 62, 106, 124, 212, 1643, 3286, 6572",53,12
851,6577,"1, 6577",6577,6576,2^4 · 3 · 137,"2, 3, 137","1, 2, 3, 4, 6, 8, 12, 16, 24, 48, 137, 274, 411, 548, 822, 1096, 1644, 2192, 3288, 6576",137,20,6578,2 · 11 · 13 · 23,"2, 11, 13, 23","1, 2, 11, 13, 22, 23, 26, 46, 143, 253, 286, 299, 506, 598, 3289, 6578",23,16
852,6581,"1, 6581",6581,6580,2^2 · 5 · 7 · 47,"2, 5, 7, 47","1, 2, 4, 5, 7, 10, 14, 20, 28, 35, 47, 70, 94, 140, 188, 235, 329, 470, 658, 940, 1316, 1645, 3290, 6580",47,24,6582,2 · 3 · 1097,"2, 3, 1097","1, 2, 3, 6, 1097, 2194, 3291, 6582",1097,8
853,6599,"1, 6599",6599,6598,2 · 3299,"2, 3299","1, 2, 3299, 6598",3299,4,6600,2^3 · 3 · 5^2 · 11,"2, 3, 5, 11","1, 2, 3, 4, 5, 6, 8, 10, 11, 12, 15, 20, 22, 24, 25, 30, 33, 40, 44, 50, 55, 60, 66, 75, 88, 100, 110, 120, 132, 150, 165, 200, 220, 264, 275, 300, 330, 440, 550, 600, 660, 825, 1100, 1320, 1650, 2200, 3300, 6600",11,48
854,6607,"1, 6607",6607,6606,2 · 3^2 · 367,"2, 3, 367","1, 2, 3, 6, 9, 18, 367, 734, 1101, 2202, 3303, 6606",367,12,6608,2^4 · 7 · 59,"2, 7, 59","1, 2, 4, 7, 8, 14, 16, 28, 56, 59, 112, 118, 236, 413, 472, 826, 944, 1652, 3304, 6608",59,20
855,6619,"1, 6619",6619,6618,2 · 3 · 1103,"2, 3, 1103","1, 2, 3, 6, 1103, 2206, 3309, 6618",1103,8,6620,2^2 · 5 · 331,"2, 5, 331","1, 2, 4, 5, 10, 20, 331, 662, 1324, 1655, 3310, 6620",331,12
856,6637,"1, 6637",6637,6636,2^2 · 3 · 7 · 79,"2, 3, 7, 79","1, 2, 3, 4, 6, 7, 12, 14, 21, 28, 42, 79, 84, 158, 237, 316, 474, 553, 948, 1106, 1659, 2212, 3318, 6636",79,24,6638,2 · 3319,"2, 3319","1, 2, 3319, 6638",3319,4
857,6653,"1, 6653",6653,6652,2^2 · 1663,"2, 1663","1, 2, 4, 1663, 3326, 6652",1663,6,6654,2 · 3 · 1109,"2, 3, 1109","1, 2, 3, 6, 1109, 2218, 3327, 6654",1109,8
858,6659,"1, 6659",6659,6658,2 · 3329,"2, 3329","1, 2, 3329, 6658",3329,4,6660,2^2 · 3^2 · 5 · 37,"2, 3, 5, 37","1, 2, 3, 4, 5, 6, 9, 10, 12, 15, 18, 20, 30, 36, 37, 45, 60, 74, 90, 111, 148, 180, 185, 222, 333, 370, 444, 555, 666, 740, 1110, 1332, 1665, 2220, 3330, 6660",37,36
859,6661,"1, 6661",6661,6660,2^2 · 3^2 · 5 · 37,"2, 3, 5, 37","1, 2, 3, 4, 5, 6, 9, 10, 12, 15, 18, 20, 30, 36, 37, 45, 60, 74, 90, 111, 148, 180, 185, 222, 333, 370, 444, 555, 666, 740, 1110, 1332, 1665, 2220, 3330, 6660",37,36,6662,2 · 3331,"2, 3331","1, 2, 3331, 6662",3331,4
860,6673,"1, 6673",6673,6672,2^4 · 3 · 139,"2, 3, 139","1, 2, 3, 4, 6, 8, 12, 16, 24, 48, 139, 278, 417, 556, 834, 1112, 1668, 2224, 3336, 6672",139,20,6674,2 · 47 · 71,"2, 47, 71","1, 2, 47, 71, 94, 142, 3337, 6674",71,8
861,6679,"1, 6679",6679,6678,2 · 3^2 · 7 · 53,"2, 3, 7, 53","1, 2, 3, 6, 7, 9, 14, 18, 21, 42, 53, 63, 106, 126, 159, 318, 371, 477, 742, 954, 1113, 2226, 3339, 6678",53,24,6680,2^3 · 5 · 167,"2, 5, 167","1, 2, 4, 5, 8, 10, 20, 40, 167, 334, 668, 835, 1336, 1670, 3340, 6680",167,16
862,6689,"1, 6689",6689,6688,2^5 · 11 · 19,"2, 11, 19","1, 2, 4, 8, 11, 16, 19, 22, 32, 38, 44, 76, 88, 152, 176, 209, 304, 352, 418, 608, 836, 1672, 3344, 6688",19,24,6690,2 · 3 · 5 · 223,"2, 3, 5, 223","1, 2, 3, 5, 6, 10, 15, 30, 223, 446, 669, 1115, 1338, 2230, 3345, 6690",223,16
863,6691,"1, 6691",6691,6690,2 · 3 · 5 · 223,"2, 3, 5, 223","1, 2, 3, 5, 6, 10, 15, 30, 223, 446, 669, 1115, 1338, 2230, 3345, 6690",223,16,6692,2^2 · 7 · 239,"2, 7, 239","1, 2, 4, 7, 14, 28, 239, 478, 956, 1673, 3346, 6692",239,12
864,6701,"1, 6701",6701,6700,2^2 · 5^2 · 67,"2, 5, 67","1, 2, 4, 5, 10, 20, 25, 50, 67, 100, 134, 268, 335, 670, 1340, 1675, 3350, 6700",67,18,6702,2 · 3 · 1117,"2, 3, 1117","1, 2, 3, 6, 1117, 2234, 3351, 6702",1117,8
865,6703,"1, 6703",6703,6702,2 · 3 · 1117,"2, 3, 1117","1, 2, 3, 6, 1117, 2234, 3351, 6702",1117,8,6704,2^4 · 419,"2, 419","1, 2, 4, 8, 16, 419, 838, 1676, 3352, 6704",419,10
866,6709,"1, 6709",6709,6708,2^2 · 3 · 13 · 43,"2, 3, 13, 43","1, 2, 3, 4, 6, 12, 13, 26, 39, 43, 52, 78, 86, 129, 156, 172, 258, 516, 559, 1118, 1677, 2236, 3354, 6708",43,24,6710,2 · 5 · 11 · 61,"2, 5, 11, 61","1, 2, 5, 10, 11, 22, 55, 61, 110, 122, 305, 610, 671, 1342, 3355, 6710",61,16
867,6719,"1, 6719",6719,6718,2 · 3359,"2, 3359","1, 2, 3359, 6718",3359,4,6720,2^6 · 3 · 5 · 7,"2, 3, 5, 7","1, 2, 3, 4, 5, 6, 7, 8, 10, 12, 14, 15, 16, 20, 21, 24, 28, 30, 32, 35, 40, 42, 48, 56, 60, 64, 70, 80, 84, 96, 105, 112, 120, 140, 160, 168, 192, 210, 224, 240, 280, 320, 336, 420, 448, 480, 560, 672, 840, 960, 1120, 1344, 1680, 2240, 3360, 6720",7,56
868,6733,"1, 6733",6733,6732,2^2 · 3^2 · 11 · 17,"2, 3, 11, 17","1, 2, 3, 4, 6, 9, 11, 12, 17, 18, 22, 33, 34, 36, 44, 51, 66, 68, 99, 102, 132, 153, 187, 198, 204, 306, 374, 396, 561, 612, 748, 1122, 1683, 2244, 3366, 6732",17,36,6734,2 · 7 · 13 · 37,"2, 7, 13, 37","1, 2, 7, 13, 14, 26, 37, 74, 91, 182, 259, 481, 518, 962, 3367, 6734",37,16
869,6737,"1, 6737",6737,6736,2^4 · 421,"2, 421","1, 2, 4, 8, 16, 421, 842, 1684, 3368, 6736",421,10,6738,2 · 3 · 1123,"2, 3, 1123","1, 2, 3, 6, 1123, 2246, 3369, 6738",1123,8
870,6761,"1, 6761",6761,6760,2^3 · 5 · 13^2,"2, 5, 13","1, 2, 4, 5, 8, 10, 13, 20, 26, 40, 52, 65, 104, 130, 169, 260, 338, 520, 676, 845, 1352, 1690, 3380, 6760",13,24,6762,2 · 3 · 7^2 · 23,"2, 3, 7, 23","1, 2, 3, 6, 7, 14, 21, 23, 42, 46, 49, 69, 98, 138, 147, 161, 294, 322, 483, 966, 1127, 2254, 3381, 6762",23,24
871,6763,"1, 6763",6763,6762,2 · 3 · 7^2 · 23,"2, 3, 7, 23","1, 2, 3, 6, 7, 14, 21, 23, 42, 46, 49, 69, 98, 138, 147, 161, 294, 322, 483, 966, 1127, 2254, 3381, 6762",23,24,6764,2^2 · 19 · 89,"2, 19, 89","1, 2, 4, 19, 38, 76, 89, 178, 356, 1691, 3382, 6764",89,12
872,6779,"1, 6779",6779,6778,2 · 3389,"2, 3389","1, 2, 3389, 6778",3389,4,6780,2^2 · 3 · 5 · 113,"2, 3, 5, 113","1, 2, 3, 4, 5, 6, 10, 12, 15, 20, 30, 60, 113, 226, 339, 452, 565, 678, 1130, 1356, 1695, 2260, 3390, 6780",113,24
873,6781,"1, 6781",6781,6780,2^2 · 3 · 5 · 113,"2, 3, 5, 113","1, 2, 3, 4, 5, 6, 10, 12, 15, 20, 30, 60, 113, 226, 339, 452, 565, 678, 1130, 1356, 1695, 2260, 3390, 6780",113,24,6782,2 · 3391,"2, 3391","1, 2, 3391, 6782",3391,4
874,6791,"1, 6791",6791,6790,2 · 5 · 7 · 97,"2, 5, 7, 97","1, 2, 5, 7, 10, 14, 35, 70, 97, 194, 485, 679, 970, 1358, 3395, 6790",97,16,6792,2^3 · 3 · 283,"2, 3, 283","1, 2, 3, 4, 6, 8, 12, 24, 283, 566, 849, 1132, 1698, 2264, 3396, 6792",283,16
875,6793,"1, 6793",6793,6792,2^3 · 3 · 283,"2, 3, 283","1, 2, 3, 4, 6, 8, 12, 24, 283, 566, 849, 1132, 1698, 2264, 3396, 6792",283,16,6794,2 · 43 · 79,"2, 43, 79","1, 2, 43, 79, 86, 158, 3397, 6794",79,8
876,6803,"1, 6803",6803,6802,2 · 19 · 179,"2, 19, 179","1, 2, 19, 38, 179, 358, 3401, 6802",179,8,6804,2^2 · 3^5 · 7,"2, 3, 7","1, 2, 3, 4, 6, 7, 9, 12, 14, 18, 21, 27, 28, 36, 42, 54, 63, 81, 84, 108, 126, 162, 189, 243, 252, 324, 378, 486, 567, 756, 972, 1134, 1701, 2268, 3402, 6804",7,36
877,6823,"1, 6823",6823,6822,2 · 3^2 · 379,"2, 3, 379","1, 2, 3, 6, 9, 18, 379, 758, 1137, 2274, 3411, 6822",379,12,6824,2^3 · 853,"2, 853","1, 2, 4, 8, 853, 1706, 3412, 6824",853,8
878,6827,"1, 6827",6827,6826,2 · 3413,"2, 3413","1, 2, 3413, 6826",3413,4,6828,2^2 · 3 · 569,"2, 3, 569","1, 2, 3, 4, 6, 12, 569, 1138, 1707, 2276, 3414, 6828",569,12
879,6829,"1, 6829",6829,6828,2^2 · 3 · 569,"2, 3, 569","1, 2, 3, 4, 6, 12, 569, 1138, 1707, 2276, 3414, 6828",569,12,6830,2 · 5 · 683,"2, 5, 683","1, 2, 5, 10, 683, 1366, 3415, 6830",683,8
880,6833,"1, 6833",6833,6832,2^4 · 7 · 61,"2, 7, 61","1, 2, 4, 7, 8, 14, 16, 28, 56, 61, 112, 122, 244, 427, 488, 854, 976, 1708, 3416, 6832",61,20,6834,2 · 3 · 17 · 67,"2, 3, 17, 67","1, 2, 3, 6, 17, 34, 51, 67, 102, 134, 201, 402, 1139, 2278, 3417, 6834",67,16
881,6841,"1, 6841",6841,6840,2^3 · 3^2 · 5 · 19,"2, 3, 5, 19","1, 2, 3, 4, 5, 6, 8, 9, 10, 12, 15, 18, 19, 20, 24, 30, 36, 38, 40, 45, 57, 60, 72, 76, 90, 95, 114, 120, 152, 171, 180, 190, 228, 285, 342, 360, 380, 456, 570, 684, 760, 855, 1140, 1368, 1710, 2280, 3420, 6840",19,48,6842,2 · 11 · 311,"2, 11, 311","1, 2, 11, 22, 311, 622, 3421, 6842",311,8
882,6857,"1, 6857",6857,6856,2^3 · 857,"2, 857","1, 2, 4, 8, 857, 1714, 3428, 6856",857,8,6858,2 · 3^3 · 127,"2, 3, 127","1, 2, 3, 6, 9, 18, 27, 54, 127, 254, 381, 762, 1143, 2286, 3429, 6858",127,16
883,6863,"1, 6863",6863,6862,2 · 47 · 73,"2, 47, 73","1, 2, 47, 73, 94, 146, 3431, 6862",73,8,6864,2^4 · 3 · 11 · 13,"2, 3, 11, 13","1, 2, 3, 4, 6, 8, 11, 12, 13, 16, 22, 24, 26, 33, 39, 44, 48, 52, 66, 78, 88, 104, 132, 143, 156, 176, 208, 264, 286, 312, 429, 528, 572, 624, 858, 1144, 1716, 2288, 3432, 6864",13,40
884,6869,"1, 6869",6869,6868,2^2 · 17 · 101,"2, 17, 101","1, 2, 4, 17, 34, 68, 101, 202, 404, 1717, 3434, 6868",101,12,6870,2 · 3 · 5 · 229,"2, 3, 5, 229","1, 2, 3, 5, 6, 10, 15, 30, 229, 458, 687, 1145, 1374, 2290, 3435, 6870",229,16
885,6871,"1, 6871",6871,6870,2 · 3 · 5 · 229,"2, 3, 5, 229","1, 2, 3, 5, 6, 10, 15, 30, 229, 458, 687, 1145, 1374, 2290, 3435, 6870",229,16,6872,2^3 · 859,"2, 859","1, 2, 4, 8, 859, 1718, 3436, 6872",859,8
886,6883,"1, 6883",6883,6882,2 · 3 · 31 · 37,"2, 3, 31, 37","1, 2, 3, 6, 31, 37, 62, 74, 93, 111, 186, 222, 1147, 2294, 3441, 6882",37,16,6884,2^2 · 1721,"2, 1721","1, 2, 4, 1721, 3442, 6884",1721,6
887,6899,"1, 6899",6899,6898,2 · 3449,"2, 3449","1, 2, 3449, 6898",3449,4,6900,2^2 · 3 · 5^2 · 23,"2, 3, 5, 23","1, 2, 3, 4, 5, 6, 10, 12, 15, 20, 23, 25, 30, 46, 50, 60, 69, 75, 92, 100, 115, 138, 150, 230, 276, 300, 345, 460, 575, 690, 1150, 1380, 1725, 2300, 3450, 6900",23,36
888,6907,"1, 6907",6907,6906,2 · 3 · 1151,"2, 3, 1151","1, 2, 3, 6, 1151, 2302, 3453, 6906",1151,8,6908,2^2 · 11 · 157,"2, 11, 157","1, 2, 4, 11, 22, 44, 157, 314, 628, 1727, 3454, 6908",157,12
889,6911,"1, 6911",6911,6910,2 · 5 · 691,"2, 5, 691","1, 2, 5, 10, 691, 1382, 3455, 6910",691,8,6912,2^8 · 3^3,"2, 3","1, 2, 3, 4, 6, 8, 9, 12, 16, 18, 24, 27, 32, 36, 48, 54, 64, 72, 96, 108, 128, 144, 192, 216, 256, 288, 384, 432, 576, 768, 864, 1152, 1728, 2304, 3456, 6912",3,36
890,6917,"1, 6917",6917,6916,2^2 · 7 · 13 · 19,"2, 7, 13, 19","1, 2, 4, 7, 13, 14, 19, 26, 28, 38, 52, 76, 91, 133, 182, 247, 266, 364, 494, 532, 988, 1729, 3458, 6916",19,24,6918,2 · 3 · 1153,"2, 3, 1153","1, 2, 3, 6, 1153, 2306, 3459, 6918",1153,8
891,6947,"1, 6947",6947,6946,2 · 23 · 151,"2, 23, 151","1, 2, 23, 46, 151, 302, 3473, 6946",151,8,6948,2^2 · 3^2 · 193,"2, 3, 193","1, 2, 3, 4, 6, 9, 12, 18, 36, 193, 386, 579, 772, 1158, 1737, 2316, 3474, 6948",193,18
892,6949,"1, 6949",6949,6948,2^2 · 3^2 · 193,"2, 3, 193","1, 2, 3, 4, 6, 9, 12, 18, 36, 193, 386, 579, 772, 1158, 1737, 2316, 3474, 6948",193,18,6950,2 · 5^2 · 139,"2, 5, 139","1, 2, 5, 10, 25, 50, 139, 278, 695, 1390, 3475, 6950",139,12
893,6959,"1, 6959",6959,6958,2 · 7^2 · 71,"2, 7, 71","1, 2, 7, 14, 49, 71, 98, 142, 497, 994, 3479, 6958",71,12,6960,2^4 · 3 · 5 · 29,"2, 3, 5, 29","1, 2, 3, 4, 5, 6, 8, 10, 12, 15, 16, 20, 24, 29, 30, 40, 48, 58, 60, 80, 87, 116, 120, 145, 174, 232, 240, 290, 348, 435, 464, 580, 696, 870, 1160, 1392, 1740, 2320, 3480, 6960",29,40
894,6961,"1, 6961",6961,6960,2^4 · 3 · 5 · 29,"2, 3, 5, 29","1, 2, 3, 4, 5, 6, 8, 10, 12, 15, 16, 20, 24, 29, 30, 40, 48, 58, 60, 80, 87, 116, 120, 145, 174, 232, 240, 290, 348, 435, 464, 580, 696, 870, 1160, 1392, 1740, 2320, 3480, 6960",29,40,6962,2 · 59^2,"2, 59","1, 2, 59, 118, 3481, 6962",59,6
895,6967,"1, 6967",6967,6966,2 · 3^4 · 43,"2, 3, 43","1, 2, 3, 6, 9, 18, 27, 43, 54, 81, 86, 129, 162, 258, 387, 774, 1161, 2322, 3483, 6966",43,20,6968,2^3 · 13 · 67,"2, 13, 67","1, 2, 4, 8, 13, 26, 52, 67, 104, 134, 268, 536, 871, 1742, 3484, 6968",67,16
896,6971,"1, 6971",6971,6970,2 · 5 · 17 · 41,"2, 5, 17, 41","1, 2, 5, 10, 17, 34, 41, 82, 85, 170, 205, 410, 697, 1394, 3485, 6970",41,16,6972,2^2 · 3 · 7 · 83,"2, 3, 7, 83","1, 2, 3, 4, 6, 7, 12, 14, 21, 28, 42, 83, 84, 166, 249, 332, 498, 581, 996, 1162, 1743, 2324, 3486, 6972",83,24
897,6977,"1, 6977",6977,6976,2^6 · 109,"2, 109","1, 2, 4, 8, 16, 32, 64, 109, 218, 436, 872, 1744, 3488, 6976",109,14,6978,2 · 3 · 1163,"2, 3, 1163","1, 2, 3, 6, 1163, 2326, 3489, 6978",1163,8
898,6983,"1, 6983",6983,6982,2 · 3491,"2, 3491","1, 2, 3491, 6982",3491,4,6984,2^3 · 3^2 · 97,"2, 3, 97","1, 2, 3, 4, 6, 8, 9, 12, 18, 24, 36, 72, 97, 194, 291, 388, 582, 776, 873, 1164, 1746, 2328, 3492, 6984",97,24
899,6991,"1, 6991",6991,6990,2 · 3 · 5 · 233,"2, 3, 5, 233","1, 2, 3, 5, 6, 10, 15, 30, 233, 466, 699, 1165, 1398, 2330, 3495, 6990",233,16,6992,2^4 · 19 · 23,"2, 19, 23","1, 2, 4, 8, 16, 19, 23, 38, 46, 76, 92, 152, 184, 304, 368, 437, 874, 1748, 3496, 6992",23,20
900,6997,"1, 6997",6997,6996,2^2 · 3 · 11 · 53,"2, 3, 11, 53","1, 2, 3, 4, 6, 11, 12, 22, 33, 44, 53, 66, 106, 132, 159, 212, 318, 583, 636, 1166, 1749, 2332, 3498, 6996",53,24,6998,2 · 3499,"2, 3499","1, 2, 3499, 6998",3499,4
901,7001,"1, 7001",7001,7000,2^3 · 5^3 · 7,"2, 5, 7","1, 2, 4, 5, 7, 8, 10, 14, 20, 25, 28, 35, 40, 50, 56, 70, 100, 125, 140, 175, 200, 250, 280, 350, 500, 700, 875, 1000, 1400, 1750, 3500, 7000",7,32,7002,2 · 3^2 · 389,"2, 3, 389","1, 2, 3, 6, 9, 18, 389, 778, 1167, 2334, 3501, 7002",389,12
902,7013,"1, 7013",7013,7012,2^2 · 1753,"2, 1753","1, 2, 4, 1753, 3506, 7012",1753,6,7014,2 · 3 · 7 · 167,"2, 3, 7, 167","1, 2, 3, 6, 7, 14, 21, 42, 167, 334, 501, 1002, 1169, 2338, 3507, 7014",167,16
903,7019,"1, 7019",7019,7018,2 · 11^2 · 29,"2, 11, 29","1, 2, 11, 22, 29, 58, 121, 242, 319, 638, 3509, 7018",29,12,7020,2^2 · 3^3 · 5 · 13,"2, 3, 5, 13","1, 2, 3, 4, 5, 6, 9, 10, 12, 13, 15, 18, 20, 26, 27, 30, 36, 39, 45, 52, 54, 60, 65, 78, 90, 108, 117, 130, 135, 156, 180, 195, 234, 260, 270, 351, 390, 468, 540, 585, 702, 780, 1170, 1404, 1755, 2340, 3510, 7020",13,48
904,7027,"1, 7027",7027,7026,2 · 3 · 1171,"2, 3, 1171","1, 2, 3, 6, 1171, 2342, 3513, 7026",1171,8,7028,2^2 · 7 · 251,"2, 7, 251","1, 2, 4, 7, 14, 28, 251, 502, 1004, 1757, 3514, 7028",251,12
905,7039,"1, 7039",7039,7038,2 · 3^2 · 17 · 23,"2, 3, 17, 23","1, 2, 3, 6, 9, 17, 18, 23, 34, 46, 51, 69, 102, 138, 153, 207, 306, 391, 414, 782, 1173, 2346, 3519, 7038",23,24,7040,2^7 · 5 · 11,"2, 5, 11","1, 2, 4, 5, 8, 10, 11, 16, 20, 22, 32, 40, 44, 55, 64, 80, 88, 110, 128, 160, 176, 220, 320, 352, 440, 640, 704, 880, 1408, 1760, 3520, 7040",11,32
906,7043,"1, 7043",7043,7042,2 · 7 · 503,"2, 7, 503","1, 2, 7, 14, 503, 1006, 3521, 7042",503,8,7044,2^2 · 3 · 587,"2, 3, 587","1, 2, 3, 4, 6, 12, 587, 1174, 1761, 2348, 3522, 7044",587,12
907,7057,"1, 7057",7057,7056,2^4 · 3^2 · 7^2,"2, 3, 7","1, 2, 3, 4, 6, 7, 8, 9, 12, 14, 16, 18, 21, 24, 28, 36, 42, 48, 49, 56, 63, 72, 84, 98, 112, 126, 144, 147, 168, 196, 252, 294, 336, 392, 441, 504, 588, 784, 882, 1008, 1176, 1764, 2352, 3528, 7056",7,45,7058,2 · 3529,"2, 3529","1, 2, 3529, 7058",3529,4
908,7069,"1, 7069",7069,7068,2^2 · 3 · 19 · 31,"2, 3, 19, 31","1, 2, 3, 4, 6, 12, 19, 31, 38, 57, 62, 76, 93, 114, 124, 186, 228, 372, 589, 1178, 1767, 2356, 3534, 7068",31,24,7070,2 · 5 · 7 · 101,"2, 5, 7, 101","1, 2, 5, 7, 10, 14, 35, 70, 101, 202, 505, 707, 1010, 1414, 3535, 7070",101,16
909,7079,"1, 7079",7079,7078,2 · 3539,"2, 3539","1, 2, 3539, 7078",3539,4,7080,2^3 · 3 · 5 · 59,"2, 3, 5, 59","1, 2, 3, 4, 5, 6, 8, 10, 12, 15, 20, 24, 30, 40, 59, 60, 118, 120, 177, 236, 295, 354, 472, 590, 708, 885, 1180, 1416, 1770, 2360, 3540, 7080",59,32
910,7103,"1, 7103",7103,7102,2 · 53 · 67,"2, 53, 67","1, 2, 53, 67, 106, 134, 3551, 7102",67,8,7104,2^6 · 3 · 37,"2, 3, 37","1, 2, 3, 4, 6, 8, 12, 16, 24, 32, 37, 48, 64, 74, 96, 111, 148, 192, 222, 296, 444, 592, 888, 1184, 1776, 2368, 3552, 7104",37,28
911,7109,"1, 7109",7109,7108,2^2 · 1777,"2, 1777","1, 2, 4, 1777, 3554, 7108",1777,6,7110,2 · 3^2 · 5 · 79,"2, 3, 5, 79","1, 2, 3, 5, 6, 9, 10, 15, 18, 30, 45, 79, 90, 158, 237, 395, 474, 711, 790, 1185, 1422, 2370, 3555, 7110",79,24
912,7121,"1, 7121",7121,7120,2^4 · 5 · 89,"2, 5, 89","1, 2, 4, 5, 8, 10, 16, 20, 40, 80, 89, 178, 356, 445, 712, 890, 1424, 1780, 3560, 7120",89,20,7122,2 · 3 · 1187,"2, 3, 1187","1, 2, 3, 6, 1187, 2374, 3561, 7122",1187,8
913,7127,"1, 7127",7127,7126,2 · 7 · 509,"2, 7, 509","1, 2, 7, 14, 509, 1018, 3563, 7126",509,8,7128,2^3 · 3^4 · 11,"2, 3, 11","1, 2, 3, 4, 6, 8, 9, 11, 12, 18, 22, 24, 27, 33, 36, 44, 54, 66, 72, 81, 88, 99, 108, 132, 162, 198, 216, 264, 297, 324, 396, 594, 648, 792, 891, 1188, 1782, 2376, 3564, 7128",11,40
914,7129,"1, 7129",7129,7128,2^3 · 3^4 · 11,"2, 3, 11","1, 2, 3, 4, 6, 8, 9, 11, 12, 18, 22, 24, 27, 33, 36, 44, 54, 66, 72, 81, 88, 99, 108, 132, 162, 198, 216, 264, 297, 324, 396, 594, 648, 792, 891, 1188, 1782, 2376, 3564, 7128",11,40,7130,2 · 5 · 23 · 31,"2, 5, 23, 31","1, 2, 5, 10, 23, 31, 46, 62, 115, 155, 230, 310, 713, 1426, 3565, 7130",31,16
915,7151,"1, 7151",7151,7150,2 · 5^2 · 11 · 13,"2, 5, 11, 13","1, 2, 5, 10, 11, 13, 22, 25, 26, 50, 55, 65, 110, 130, 143, 275, 286, 325, 550, 650, 715, 1430, 3575, 7150",13,24,7152,2^4 · 3 · 149,"2, 3, 149","1, 2, 3, 4, 6, 8, 12, 16, 24, 48, 149, 298, 447, 596, 894, 1192, 1788, 2384, 3576, 7152",149,20
916,7159,"1, 7159",7159,7158,2 · 3 · 1193,"2, 3, 1193","1, 2, 3, 6, 1193, 2386, 3579, 7158",1193,8,7160,2^3 · 5 · 179,"2, 5, 179","1, 2, 4, 5, 8, 10, 20, 40, 179, 358, 716, 895, 1432, 1790, 3580, 7160",179,16
917,7177,"1, 7177",7177,7176,2^3 · 3 · 13 · 23,"2, 3, 13, 23","1, 2, 3, 4, 6, 8, 12, 13, 23, 24, 26, 39, 46, 52, 69, 78, 92, 104, 138, 156, 184, 276, 299, 312, 552, 598, 897, 1196, 1794, 2392, 3588, 7176",23,32,7178,2 · 37 · 97,"2, 37, 97","1, 2, 37, 74, 97, 194, 3589, 7178",97,8
918,7187,"1, 7187",7187,7186,2 · 3593,"2, 3593","1, 2, 3593, 7186",3593,4,7188,2^2 · 3 · 599,"2, 3, 599","1, 2, 3, 4, 6, 12, 599, 1198, 1797, 2396, 3594, 7188",599,12
919,7193,"1, 7193",7193,7192,2^3 · 29 · 31,"2, 29, 31","1, 2, 4, 8, 29, 31, 58, 62, 116, 124, 232, 248, 899, 1798, 3596, 7192",31,16,7194,2 · 3 · 11 · 109,"2, 3, 11, 109","1, 2, 3, 6, 11, 22, 33, 66, 109, 218, 327, 654, 1199, 2398, 3597, 7194",109,16
920,7207,"1, 7207",7207,7206,2 · 3 · 1201,"2, 3, 1201","1, 2, 3, 6, 1201, 2402, 3603, 7206",1201,8,7208,2^3 · 17 · 53,"2, 17, 53","1, 2, 4, 8, 17, 34, 53, 68, 106, 136, 212, 424, 901, 1802, 3604, 7208",53,16
921,7211,"1, 7211",7211,7210,2 · 5 · 7 · 103,"2, 5, 7, 103","1, 2, 5, 7, 10, 14, 35, 70, 103, 206, 515, 721, 1030, 1442, 3605, 7210",103,16,7212,2^2 · 3 · 601,"2, 3, 601","1, 2, 3, 4, 6, 12, 601, 1202, 1803, 2404, 3606, 7212",601,12
922,7213,"1, 7213",7213,7212,2^2 · 3 · 601,"2, 3, 601","1, 2, 3, 4, 6, 12, 601, 1202, 1803, 2404, 3606, 7212",601,12,7214,2 · 3607,"2, 3607","1, 2, 3607, 7214",3607,4
923,7219,"1, 7219",7219,7218,2 · 3^2 · 401,"2, 3, 401","1, 2, 3, 6, 9, 18, 401, 802, 1203, 2406, 3609, 7218",401,12,7220,2^2 · 5 · 19^2,"2, 5, 19","1, 2, 4, 5, 10, 19, 20, 38, 76, 95, 190, 361, 380, 722, 1444, 1805, 3610, 7220",19,18
924,7229,"1, 7229",7229,7228,2^2 · 13 · 139,"2, 13, 139","1, 2, 4, 13, 26, 52, 139, 278, 556, 1807, 3614, 7228",139,12,7230,2 · 3 · 5 · 241,"2, 3, 5, 241","1, 2, 3, 5, 6, 10, 15, 30, 241, 482, 723, 1205, 1446, 2410, 3615, 7230",241,16
925,7237,"1, 7237",7237,7236,2^2 · 3^3 · 67,"2, 3, 67","1, 2, 3, 4, 6, 9, 12, 18, 27, 36, 54, 67, 108, 134, 201, 268, 402, 603, 804, 1206, 1809, 2412, 3618, 7236",67,24,7238,2 · 7 · 11 · 47,"2, 7, 11, 47","1, 2, 7, 11, 14, 22, 47, 77, 94, 154, 329, 517, 658, 1034, 3619, 7238",47,16
926,7243,"1, 7243",7243,7242,2 · 3 · 17 · 71,"2, 3, 17, 71","1, 2, 3, 6, 17, 34, 51, 71, 102, 142, 213, 426, 1207, 2414, 3621, 7242",71,16,7244,2^2 · 1811,"2, 1811","1, 2, 4, 1811, 3622, 7244",1811,6
927,7247,"1, 7247",7247,7246,2 · 3623,"2, 3623","1, 2, 3623, 7246",3623,4,7248,2^4 · 3 · 151,"2, 3, 151","1, 2, 3, 4, 6, 8, 12, 16, 24, 48, 151, 302, 453, 604, 906, 1208, 1812, 2416, 3624, 7248",151,20
928,7253,"1, 7253",7253,7252,2^2 · 7^2 · 37,"2, 7, 37","1, 2, 4, 7, 14, 28, 37, 49, 74, 98, 148, 196, 259, 518, 1036, 1813, 3626, 7252",37,18,7254,2 · 3^2 · 13 · 31,"2, 3, 13, 31","1, 2, 3, 6, 9, 13, 18, 26, 31, 39, 62, 78, 93, 117, 186, 234, 279, 403, 558, 806, 1209, 2418, 3627, 7254",31,24
929,7283,"1, 7283",7283,7282,2 · 11 · 331,"2, 11, 331","1, 2, 11, 22, 331, 662, 3641, 7282",331,8,7284,2^2 · 3 · 607,"2, 3, 607","1, 2, 3, 4, 6, 12, 607, 1214, 1821, 2428, 3642, 7284",607,12
930,7297,"1, 7297",7297,7296,2^7 · 3 · 19,"2, 3, 19","1, 2, 3, 4, 6, 8, 12, 16, 19, 24, 32, 38, 48, 57, 64, 76, 96, 114, 128, 152, 192, 228, 304, 384, 456, 608, 912, 1216, 1824, 2432, 3648, 7296",19,32,7298,2 · 41 · 89,"2, 41, 89","1, 2, 41, 82, 89, 178, 3649, 7298",89,8
931,7307,"1, 7307",7307,7306,2 · 13 · 281,"2, 13, 281","1, 2, 13, 26, 281, 562, 3653, 7306",281,8,7308,2^2 · 3^2 · 7 · 29,"2, 3, 7, 29","1, 2, 3, 4, 6, 7, 9, 12, 14, 18, 21, 28, 29, 36, 42, 58, 63, 84, 87, 116, 126, 174, 203, 252, 261, 348, 406, 522, 609, 812, 1044, 1218, 1827, 2436, 3654, 7308",29,36
932,7309,"1, 7309",7309,7308,2^2 · 3^2 · 7 · 29,"2, 3, 7, 29","1, 2, 3, 4, 6, 7, 9, 12, 14, 18, 21, 28, 29, 36, 42, 58, 63, 84, 87, 116, 126, 174, 203, 252, 261, 348, 406, 522, 609, 812, 1044, 1218, 1827, 2436, 3654, 7308",29,36,7310,2 · 5 · 17 · 43,"2, 5, 17, 43","1, 2, 5, 10, 17, 34, 43, 85, 86, 170, 215, 430, 731, 1462, 3655, 7310",43,16
933,7321,"1, 7321",7321,7320,2^3 · 3 · 5 · 61,"2, 3, 5, 61","1, 2, 3, 4, 5, 6, 8, 10, 12, 15, 20, 24, 30, 40, 60, 61, 120, 122, 183, 244, 305, 366, 488, 610, 732, 915, 1220, 1464, 1830, 2440, 3660, 7320",61,32,7322,2 · 7 · 523,"2, 7, 523","1, 2, 7, 14, 523, 1046, 3661, 7322",523,8
934,7331,"1, 7331",7331,7330,2 · 5 · 733,"2, 5, 733","1, 2, 5, 10, 733, 1466, 3665, 7330",733,8,7332,2^2 · 3 · 13 · 47,"2, 3, 13, 47","1, 2, 3, 4, 6, 12, 13, 26, 39, 47, 52, 78, 94, 141, 156, 188, 282, 564, 611, 1222, 1833, 2444, 3666, 7332",47,24
935,7333,"1, 7333",7333,7332,2^2 · 3 · 13 · 47,"2, 3, 13, 47","1, 2, 3, 4, 6, 12, 13, 26, 39, 47, 52, 78, 94, 141, 156, 188, 282, 564, 611, 1222, 1833, 2444, 3666, 7332",47,24,7334,2 · 19 · 193,"2, 19, 193","1, 2, 19, 38, 193, 386, 3667, 7334",193,8
936,7349,"1, 7349",7349,7348,2^2 · 11 · 167,"2, 11, 167","1, 2, 4, 11, 22, 44, 167, 334, 668, 1837, 3674, 7348",167,12,7350,2 · 3 · 5^2 · 7^2,"2, 3, 5, 7","1, 2, 3, 5, 6, 7, 10, 14, 15, 21, 25, 30, 35, 42, 49, 50, 70, 75, 98, 105, 147, 150, 175, 210, 245, 294, 350, 490, 525, 735, 1050, 1225, 1470, 2450, 3675, 7350",7,36
937,7351,"1, 7351",7351,7350,2 · 3 · 5^2 · 7^2,"2, 3, 5, 7","1, 2, 3, 5, 6, 7, 10, 14, 15, 21, 25, 30, 35, 42, 49, 50, 70, 75, 98, 105, 147, 150, 175, 210, 245, 294, 350, 490, 525, 735, 1050, 1225, 1470, 2450, 3675, 7350",7,36,7352,2^3 · 919,"2, 919","1, 2, 4, 8, 919, 1838, 3676, 7352",919,8
938,7369,"1, 7369",7369,7368,2^3 · 3 · 307,"2, 3, 307","1, 2, 3, 4, 6, 8, 12, 24, 307, 614, 921, 1228, 1842, 2456, 3684, 7368",307,16,7370,2 · 5 · 11 · 67,"2, 5, 11, 67","1, 2, 5, 10, 11, 22, 55, 67, 110, 134, 335, 670, 737, 1474, 3685, 7370",67,16
939,7393,"1, 7393",7393,7392,2^5 · 3 · 7 · 11,"2, 3, 7, 11","1, 2, 3, 4, 6, 7, 8, 11, 12, 14, 16, 21, 22, 24, 28, 32, 33, 42, 44, 48, 56, 66, 77, 84, 88, 96, 112, 132, 154, 168, 176, 224, 231, 264, 308, 336, 352, 462, 528, 616, 672, 924, 1056, 1232, 1848, 2464, 3696, 7392",11,48,7394,2 · 3697,"2, 3697","1, 2, 3697, 7394",3697,4
940,7411,"1, 7411",7411,7410,2 · 3 · 5 · 13 · 19,"2, 3, 5, 13, 19","1, 2, 3, 5, 6, 10, 13, 15, 19, 26, 30, 38, 39, 57, 65, 78, 95, 114, 130, 190, 195, 247, 285, 390, 494, 570, 741, 1235, 1482, 2470, 3705, 7410",19,32,7412,2^2 · 17 · 109,"2, 17, 109","1, 2, 4, 17, 34, 68, 109, 218, 436, 1853, 3706, 7412",109,12
941,7417,"1, 7417",7417,7416,2^3 · 3^2 · 103,"2, 3, 103","1, 2, 3, 4, 6, 8, 9, 12, 18, 24, 36, 72, 103, 206, 309, 412, 618, 824, 927, 1236, 1854, 2472, 3708, 7416",103,24,7418,2 · 3709,"2, 3709","1, 2, 3709, 7418",3709,4
942,7433,"1, 7433",7433,7432,2^3 · 929,"2, 929","1, 2, 4, 8, 929, 1858, 3716, 7432",929,8,7434,2 · 3^2 · 7 · 59,"2, 3, 7, 59","1, 2, 3, 6, 7, 9, 14, 18, 21, 42, 59, 63, 118, 126, 177, 354, 413, 531, 826, 1062, 1239, 2478, 3717, 7434",59,24
943,7451,"1, 7451",7451,7450,2 · 5^2 · 149,"2, 5, 149","1, 2, 5, 10, 25, 50, 149, 298, 745, 1490, 3725, 7450",149,12,7452,2^2 · 3^4 · 23,"2, 3, 23","1, 2, 3, 4, 6, 9, 12, 18, 23, 27, 36, 46, 54, 69, 81, 92, 108, 138, 162, 207, 276, 324, 414, 621, 828, 1242, 1863, 2484, 3726, 7452",23,30
944,7457,"1, 7457",7457,7456,2^5 · 233,"2, 233","1, 2, 4, 8, 16, 32, 233, 466, 932, 1864, 3728, 7456",233,12,7458,2 · 3 · 11 · 113,"2, 3, 11, 113","1, 2, 3, 6, 11, 22, 33, 66, 113, 226, 339, 678, 1243, 2486, 3729, 7458",113,16
945,7459,"1, 7459",7459,7458,2 · 3 · 11 · 113,"2, 3, 11, 113","1, 2, 3, 6, 11, 22, 33, 66, 113, 226, 339, 678, 1243, 2486, 3729, 7458",113,16,7460,2^2 · 5 · 373,"2, 5, 373","1, 2, 4, 5, 10, 20, 373, 746, 1492, 1865, 3730, 7460",373,12
946,7477,"1, 7477",7477,7476,2^2 · 3 · 7 · 89,"2, 3, 7, 89","1, 2, 3, 4, 6, 7, 12, 14, 21, 28, 42, 84, 89, 178, 267, 356, 534, 623, 1068, 1246, 1869, 2492, 3738, 7476",89,24,7478,2 · 3739,"2, 3739","1, 2, 3739, 7478",3739,4
947,7481,"1, 7481",7481,7480,2^3 · 5 · 11 · 17,"2, 5, 11, 17","1, 2, 4, 5, 8, 10, 11, 17, 20, 22, 34, 40, 44, 55, 68, 85, 88, 110, 136, 170, 187, 220, 340, 374, 440, 680, 748, 935, 1496, 1870, 3740, 7480",17,32,7482,2 · 3 · 29 · 43,"2, 3, 29, 43","1, 2, 3, 6, 29, 43, 58, 86, 87, 129, 174, 258, 1247, 2494, 3741, 7482",43,16
948,7487,"1, 7487",7487,7486,2 · 19 · 197,"2, 19, 197","1, 2, 19, 38, 197, 394, 3743, 7486",197,8,7488,2^6 · 3^2 · 13,"2, 3, 13","1, 2, 3, 4, 6, 8, 9, 12, 13, 16, 18, 24, 26, 32, 36, 39, 48, 52, 64, 72, 78, 96, 104, 117, 144, 156, 192, 208, 234, 288, 312, 416, 468, 576, 624, 832, 936, 1248, 1872, 2496, 3744, 7488",13,42
949,7489,"1, 7489",7489,7488,2^6 · 3^2 · 13,"2, 3, 13","1, 2, 3, 4, 6, 8, 9, 12, 13, 16, 18, 24, 26, 32, 36, 39, 48, 52, 64, 72, 78, 96, 104, 117, 144, 156, 192, 208, 234, 288, 312, 416, 468, 576, 624, 832, 936, 1248, 1872, 2496, 3744, 7488",13,42,7490,2 · 5 · 7 · 107,"2, 5, 7, 107","1, 2, 5, 7, 10, 14, 35, 70, 107, 214, 535, 749, 1070, 1498, 3745, 7490",107,16
950,7499,"1, 7499",7499,7498,2 · 23 · 163,"2, 23, 163","1, 2, 23, 46, 163, 326, 3749, 7498",163,8,7500,2^2 · 3 · 5^4,"2, 3, 5","1, 2, 3, 4, 5, 6, 10, 12, 15, 20, 25, 30, 50, 60, 75, 100, 125, 150, 250, 300, 375, 500, 625, 750, 1250, 1500, 1875, 2500, 3750, 7500",5,30
951,7507,"1, 7507",7507,7506,2 · 3^3 · 139,"2, 3, 139","1, 2, 3, 6, 9, 18, 27, 54, 139, 278, 417, 834, 1251, 2502, 3753, 7506",139,16,7508,2^2 · 1877,"2, 1877","1, 2, 4, 1877, 3754, 7508",1877,6
952,7517,"1, 7517",7517,7516,2^2 · 1879,"2, 1879","1, 2, 4, 1879, 3758, 7516",1879,6,7518,2 · 3 · 7 · 179,"2, 3, 7, 179","1, 2, 3, 6, 7, 14, 21, 42, 179, 358, 537, 1074, 1253, 2506, 3759, 7518",179,16
953,7523,"1, 7523",7523,7522,2 · 3761,"2, 3761","1, 2, 3761, 7522",3761,4,7524,2^2 · 3^2 · 11 · 19,"2, 3, 11, 19","1, 2, 3, 4, 6, 9, 11, 12, 18, 19, 22, 33, 36, 38, 44, 57, 66, 76, 99, 114, 132, 171, 198, 209, 228, 342, 396, 418, 627, 684, 836, 1254, 1881, 2508, 3762, 7524",19,36
954,7529,"1, 7529",7529,7528,2^3 · 941,"2, 941","1, 2, 4, 8, 941, 1882, 3764, 7528",941,8,7530,2 · 3 · 5 · 251,"2, 3, 5, 251","1, 2, 3, 5, 6, 10, 15, 30, 251, 502, 753, 1255, 1506, 2510, 3765, 7530",251,16
955,7537,"1, 7537",7537,7536,2^4 · 3 · 157,"2, 3, 157","1, 2, 3, 4, 6, 8, 12, 16, 24, 48, 157, 314, 471, 628, 942, 1256, 1884, 2512, 3768, 7536",157,20,7538,2 · 3769,"2, 3769","1, 2, 3769, 7538",3769,4
956,7541,"1, 7541",7541,7540,2^2 · 5 · 13 · 29,"2, 5, 13, 29","1, 2, 4, 5, 10, 13, 20, 26, 29, 52, 58, 65, 116, 130, 145, 260, 290, 377, 580, 754, 1508, 1885, 3770, 7540",29,24,7542,2 · 3^2 · 419,"2, 3, 419","1, 2, 3, 6, 9, 18, 419, 838, 1257, 2514, 3771, 7542",419,12
957,7547,"1, 7547",7547,7546,2 · 7^3 · 11,"2, 7, 11","1, 2, 7, 11, 14, 22, 49, 77, 98, 154, 343, 539, 686, 1078, 3773, 7546",11,16,7548,2^2 · 3 · 17 · 37,"2, 3, 17, 37","1, 2, 3, 4, 6, 12, 17, 34, 37, 51, 68, 74, 102, 111, 148, 204, 222, 444, 629, 1258, 1887, 2516, 3774, 7548",37,24
958,7549,"1, 7549",7549,7548,2^2 · 3 · 17 · 37,"2, 3, 17, 37","1, 2, 3, 4, 6, 12, 17, 34, 37, 51, 68, 74, 102, 111, 148, 204, 222, 444, 629, 1258, 1887, 2516, 3774, 7548",37,24,7550,2 · 5^2 · 151,"2, 5, 151","1, 2, 5, 10, 25, 50, 151, 302, 755, 1510, 3775, 7550",151,12
959,7559,"1, 7559",7559,7558,2 · 3779,"2, 3779","1, 2, 3779, 7558",3779,4,7560,2^3 · 3^3 · 5 · 7,"2, 3, 5, 7","1, 2, 3, 4, 5, 6, 7, 8, 9, 10, 12, 14, 15, 18, 20, 21, 24, 27, 28, 30, 35, 36, 40, 42, 45, 54, 56, 60, 63, 70, 72, 84, 90, 105, 108, 120, 126, 135, 140, 168, 180, 189, 210, 216, 252, 270, 280, 315, 360, 378, 420, 504, 540, 630, 756, 840, 945, 1080, 1260, 1512, 1890, 2520, 3780, 7560",7,64
960,7561,"1, 7561",7561,7560,2^3 · 3^3 · 5 · 7,"2, 3, 5, 7","1, 2, 3, 4, 5, 6, 7, 8, 9, 10, 12, 14, 15, 18, 20, 21, 24, 27, 28, 30, 35, 36, 40, 42, 45, 54, 56, 60, 63, 70, 72, 84, 90, 105, 108, 120, 126, 135, 140, 168, 180, 189, 210, 216, 252, 270, 280, 315, 360, 378, 420, 504, 540, 630, 756, 840, 945, 1080, 1260, 1512, 1890, 2520, 3780, 7560",7,64,7562,2 · 19 · 199,"2, 19, 199","1, 2, 19, 38, 199, 398, 3781, 7562",199,8
961,7573,"1, 7573",7573,7572,2^2 · 3 · 631,"2, 3, 631","1, 2, 3, 4, 6, 12, 631, 1262, 1893, 2524, 3786, 7572",631,12,7574,2 · 7 · 541,"2, 7, 541","1, 2, 7, 14, 541, 1082, 3787, 7574",541,8
962,7577,"1, 7577",7577,7576,2^3 · 947,"2, 947","1, 2, 4, 8, 947, 1894, 3788, 7576",947,8,7578,2 · 3^2 · 421,"2, 3, 421","1, 2, 3, 6, 9, 18, 421, 842, 1263, 2526, 3789, 7578",421,12
963,7583,"1, 7583",7583,7582,2 · 17 · 223,"2, 17, 223","1, 2, 17, 34, 223, 446, 3791, 7582",223,8,7584,2^5 · 3 · 79,"2, 3, 79","1, 2, 3, 4, 6, 8, 12, 16, 24, 32, 48, 79, 96, 158, 237, 316, 474, 632, 948, 1264, 1896, 2528, 3792, 7584",79,24
964,7589,"1, 7589",7589,7588,2^2 · 7 · 271,"2, 7, 271","1, 2, 4, 7, 14, 28, 271, 542, 1084, 1897, 3794, 7588",271,12,7590,2 · 3 · 5 · 11 · 23,"2, 3, 5, 11, 23","1, 2, 3, 5, 6, 10, 11, 15, 22, 23, 30, 33, 46, 55, 66, 69, 110, 115, 138, 165, 230, 253, 330, 345, 506, 690, 759, 1265, 1518, 2530, 3795, 7590",23,32
965,7591,"1, 7591",7591,7590,2 · 3 · 5 · 11 · 23,"2, 3, 5, 11, 23","1, 2, 3, 5, 6, 10, 11, 15, 22, 23, 30, 33, 46, 55, 66, 69, 110, 115, 138, 165, 230, 253, 330, 345, 506, 690, 759, 1265, 1518, 2530, 3795, 7590",23,32,7592,2^3 · 13 · 73,"2, 13, 73","1, 2, 4, 8, 13, 26, 52, 73, 104, 146, 292, 584, 949, 1898, 3796, 7592",73,16
966,7603,"1, 7603",7603,7602,2 · 3 · 7 · 181,"2, 3, 7, 181","1, 2, 3, 6, 7, 14, 21, 42, 181, 362, 543, 1086, 1267, 2534, 3801, 7602",181,16,7604,2^2 · 1901,"2, 1901","1, 2, 4, 1901, 3802, 7604",1901,6
967,7607,"1, 7607",7607,7606,2 · 3803,"2, 3803","1, 2, 3803, 7606",3803,4,7608,2^3 · 3 · 317,"2, 3, 317","1, 2, 3, 4, 6, 8, 12, 24, 317, 634, 951, 1268, 1902, 2536, 3804, 7608",317,16
968,7621,"1, 7621",7621,7620,2^2 · 3 · 5 · 127,"2, 3, 5, 127","1, 2, 3, 4, 5, 6, 10, 12, 15, 20, 30, 60, 127, 254, 381, 508, 635, 762, 1270, 1524, 1905, 2540, 3810, 7620",127,24,7622,2 · 37 · 103,"2, 37, 103","1, 2, 37, 74, 103, 206, 3811, 7622",103,8
969,7639,"1, 7639",7639,7638,2 · 3 · 19 · 67,"2, 3, 19, 67","1, 2, 3, 6, 19, 38, 57, 67, 114, 134, 201, 402, 1273, 2546, 3819, 7638",67,16,7640,2^3 · 5 · 191,"2, 5, 191","1, 2, 4, 5, 8, 10, 20, 40, 191, 382, 764, 955, 1528, 1910, 3820, 7640",191,16
970,7643,"1, 7643",7643,7642,2 · 3821,"2, 3821","1, 2, 3821, 7642",3821,4,7644,2^2 · 3 · 7^2 · 13,"2, 3, 7, 13","1, 2, 3, 4, 6, 7, 12, 13, 14, 21, 26, 28, 39, 42, 49, 52, 78, 84, 91, 98, 147, 156, 182, 196, 273, 294, 364, 546, 588, 637, 1092, 1274, 1911, 2548, 3822, 7644",13,36
971,7649,"1, 7649",7649,7648,2^5 · 239,"2, 239","1, 2, 4, 8, 16, 32, 239, 478, 956, 1912, 3824, 7648",239,12,7650,2 · 3^2 · 5^2 · 17,"2, 3, 5, 17","1, 2, 3, 5, 6, 9, 10, 15, 17, 18, 25, 30, 34, 45, 50, 51, 75, 85, 90, 102, 150, 153, 170, 225, 255, 306, 425, 450, 510, 765, 850, 1275, 1530, 2550, 3825, 7650",17,36
972,7669,"1, 7669",7669,7668,2^2 · 3^3 · 71,"2, 3, 71","1, 2, 3, 4, 6, 9, 12, 18, 27, 36, 54, 71, 108, 142, 213, 284, 426, 639, 852, 1278, 1917, 2556, 3834, 7668",71,24,7670,2 · 5 · 13 · 59,"2, 5, 13, 59","1, 2, 5, 10, 13, 26, 59, 65, 118, 130, 295, 590, 767, 1534, 3835, 7670",59,16
973,7673,"1, 7673",7673,7672,2^3 · 7 · 137,"2, 7, 137","1, 2, 4, 7, 8, 14, 28, 56, 137, 274, 548, 959, 1096, 1918, 3836, 7672",137,16,7674,2 · 3 · 1279,"2, 3, 1279","1, 2, 3, 6, 1279, 2558, 3837, 7674",1279,8
974,7681,"1, 7681",7681,7680,2^9 · 3 · 5,"2, 3, 5","1, 2, 3, 4, 5, 6, 8, 10, 12, 15, 16, 20, 24, 30, 32, 40, 48, 60, 64, 80, 96, 120, 128, 160, 192, 240, 256, 320, 384, 480, 512, 640, 768, 960, 1280, 1536, 1920, 2560, 3840, 7680",5,40,7682,2 · 23 · 167,"2, 23, 167","1, 2, 23, 46, 167, 334, 3841, 7682",167,8
975,7687,"1, 7687",7687,7686,2 · 3^2 · 7 · 61,"2, 3, 7, 61","1, 2, 3, 6, 7, 9, 14, 18, 21, 42, 61, 63, 122, 126, 183, 366, 427, 549, 854, 1098, 1281, 2562, 3843, 7686",61,24,7688,2^3 · 31^2,"2, 31","1, 2, 4, 8, 31, 62, 124, 248, 961, 1922, 3844, 7688",31,12
976,7691,"1, 7691",7691,7690,2 · 5 · 769,"2, 5, 769","1, 2, 5, 10, 769, 1538, 3845, 7690",769,8,7692,2^2 · 3 · 641,"2, 3, 641","1, 2, 3, 4, 6, 12, 641, 1282, 1923, 2564, 3846, 7692",641,12
977,7699,"1, 7699",7699,7698,2 · 3 · 1283,"2, 3, 1283","1, 2, 3, 6, 1283, 2566, 3849, 7698",1283,8,7700,2^2 · 5^2 · 7 · 11,"2, 5, 7, 11","1, 2, 4, 5, 7, 10, 11, 14, 20, 22, 25, 28, 35, 44, 50, 55, 70, 77, 100, 110, 140, 154, 175, 220, 275, 308, 350, 385, 550, 700, 770, 1100, 1540, 1925, 3850, 7700",11,36
978,7703,"1, 7703",7703,7702,2 · 3851,"2, 3851","1, 2, 3851, 7702",3851,4,7704,2^3 · 3^2 · 107,"2, 3, 107","1, 2, 3, 4, 6, 8, 9, 12, 18, 24, 36, 72, 107, 214, 321, 428, 642, 856, 963, 1284, 1926, 2568, 3852, 7704",107,24
979,7717,"1, 7717",7717,7716,2^2 · 3 · 643,"2, 3, 643","1, 2, 3, 4, 6, 12, 643, 1286, 1929, 2572, 3858, 7716",643,12,7718,2 · 17 · 227,"2, 17, 227","1, 2, 17, 34, 227, 454, 3859, 7718",227,8
980,7723,"1, 7723",7723,7722,2 · 3^3 · 11 · 13,"2, 3, 11, 13","1, 2, 3, 6, 9, 11, 13, 18, 22, 26, 27, 33, 39, 54, 66, 78, 99, 117, 143, 198, 234, 286, 297, 351, 429, 594, 702, 858, 1287, 2574, 3861, 7722",13,32,7724,2^2 · 1931,"2, 1931","1, 2, 4, 1931, 3862, 7724",1931,6
981,7727,"1, 7727",7727,7726,2 · 3863,"2, 3863","1, 2, 3863, 7726",3863,4,7728,2^4 · 3 · 7 · 23,"2, 3, 7, 23","1, 2, 3, 4, 6, 7, 8, 12, 14, 16, 21, 23, 24, 28, 42, 46, 48, 56, 69, 84, 92, 112, 138, 161, 168, 184, 276, 322, 336, 368, 483, 552, 644, 966, 1104, 1288, 1932, 2576, 3864, 7728",23,40
982,7741,"1, 7741",7741,7740,2^2 · 3^2 · 5 · 43,"2, 3, 5, 43","1, 2, 3, 4, 5, 6, 9, 10, 12, 15, 18, 20, 30, 36, 43, 45, 60, 86, 90, 129, 172, 180, 215, 258, 387, 430, 516, 645, 774, 860, 1290, 1548, 1935, 2580, 3870, 7740",43,36,7742,2 · 7^2 · 79,"2, 7, 79","1, 2, 7, 14, 49, 79, 98, 158, 553, 1106, 3871, 7742",79,12
983,7753,"1, 7753",7753,7752,2^3 · 3 · 17 · 19,"2, 3, 17, 19","1, 2, 3, 4, 6, 8, 12, 17, 19, 24, 34, 38, 51, 57, 68, 76, 102, 114, 136, 152, 204, 228, 323, 408, 456, 646, 969, 1292, 1938, 2584, 3876, 7752",19,32,7754,2 · 3877,"2, 3877","1, 2, 3877, 7754",3877,4
984,7757,"1, 7757",7757,7756,2^2 · 7 · 277,"2, 7, 277","1, 2, 4, 7, 14, 28, 277, 554, 1108, 1939, 3878, 7756",277,12,7758,2 · 3^2 · 431,"2, 3, 431","1, 2, 3, 6, 9, 18, 431, 862, 1293, 2586, 3879, 7758",431,12
985,7759,"1, 7759",7759,7758,2 · 3^2 · 431,"2, 3, 431","1, 2, 3, 6, 9, 18, 431, 862, 1293, 2586, 3879, 7758",431,12,7760,2^4 · 5 · 97,"2, 5, 97","1, 2, 4, 5, 8, 10, 16, 20, 40, 80, 97, 194, 388, 485, 776, 970, 1552, 1940, 3880, 7760",97,20
986,7789,"1, 7789",7789,7788,2^2 · 3 · 11 · 59,"2, 3, 11, 59","1, 2, 3, 4, 6, 11, 12, 22, 33, 44, 59, 66, 118, 132, 177, 236, 354, 649, 708, 1298, 1947, 2596, 3894, 7788",59,24,7790,2 · 5 · 19 · 41,"2, 5, 19, 41","1, 2, 5, 10, 19, 38, 41, 82, 95, 190, 205, 410, 779, 1558, 3895, 7790",41,16
987,7793,"1, 7793",7793,7792,2^4 · 487,"2, 487","1, 2, 4, 8, 16, 487, 974, 1948, 3896, 7792",487,10,7794,2 · 3^2 · 433,"2, 3, 433","1, 2, 3, 6, 9, 18, 433, 866, 1299, 2598, 3897, 7794",433,12
988,7817,"1, 7817",7817,7816,2^3 · 977,"2, 977","1, 2, 4, 8, 977, 1954, 3908, 7816",977,8,7818,2 · 3 · 1303,"2, 3, 1303","1, 2, 3, 6, 1303, 2606, 3909, 7818",1303,8
989,7823,"1, 7823",7823,7822,2 · 3911,"2, 3911","1, 2, 3911, 7822",3911,4,7824,2^4 · 3 · 163,"2, 3, 163","1, 2, 3, 4, 6, 8, 12, 16, 24, 48, 163, 326, 489, 652, 978, 1304, 1956, 2608, 3912, 7824",163,20
990,7829,"1, 7829",7829,7828,2^2 · 19 · 103,"2, 19, 103","1, 2, 4, 19, 38, 76, 103, 206, 412, 1957, 3914, 7828",103,12,7830,2 · 3^3 · 5 · 29,"2, 3, 5, 29","1, 2, 3, 5, 6, 9, 10, 15, 18, 27, 29, 30, 45, 54, 58, 87, 90, 135, 145, 174, 261, 270, 290, 435, 522, 783, 870, 1305, 1566, 2610, 3915, 7830",29,32
991,7841,"1, 7841",7841,7840,2^5 · 5 · 7^2,"2, 5, 7","1, 2, 4, 5, 7, 8, 10, 14, 16, 20, 28, 32, 35, 40, 49, 56, 70, 80, 98, 112, 140, 160, 196, 224, 245, 280, 392, 490, 560, 784, 980, 1120, 1568, 1960, 3920, 7840",7,36,7842,2 · 3 · 1307,"2, 3, 1307","1, 2, 3, 6, 1307, 2614, 3921, 7842",1307,8
992,7853,"1, 7853",7853,7852,2^2 · 13 · 151,"2, 13, 151","1, 2, 4, 13, 26, 52, 151, 302, 604, 1963, 3926, 7852",151,12,7854,2 · 3 · 7 · 11 · 17,"2, 3, 7, 11, 17","1, 2, 3, 6, 7, 11, 14, 17, 21, 22, 33, 34, 42, 51, 66, 77, 102, 119, 154, 187, 231, 238, 357, 374, 462, 561, 714, 1122, 1309, 2618, 3927, 7854",17,32
993,7867,"1, 7867",7867,7866,2 · 3^2 · 19 · 23,"2, 3, 19, 23","1, 2, 3, 6, 9, 18, 19, 23, 38, 46, 57, 69, 114, 138, 171, 207, 342, 414, 437, 874, 1311, 2622, 3933, 7866",23,24,7868,2^2 · 7 · 281,"2, 7, 281","1, 2, 4, 7, 14, 28, 281, 562, 1124, 1967, 3934, 7868",281,12
994,7873,"1, 7873",7873,7872,2^6 · 3 · 41,"2, 3, 41","1, 2, 3, 4, 6, 8, 12, 16, 24, 32, 41, 48, 64, 82, 96, 123, 164, 192, 246, 328, 492, 656, 984, 1312, 1968, 2624, 3936, 7872",41,28,7874,2 · 31 · 127,"2, 31, 127","1, 2, 31, 62, 127, 254, 3937, 7874",127,8
995,7877,"1, 7877",7877,7876,2^2 · 11 · 179,"2, 11, 179","1, 2, 4, 11, 22, 44, 179, 358, 716, 1969, 3938, 7876",179,12,7878,2 · 3 · 13 · 101,"2, 3, 13, 101","1, 2, 3, 6, 13, 26, 39, 78, 101, 202, 303, 606, 1313, 2626, 3939, 7878",101,16
996,7879,"1, 7879",7879,7878,2 · 3 · 13 · 101,"2, 3, 13, 101","1, 2, 3, 6, 13, 26, 39, 78, 101, 202, 303, 606, 1313, 2626, 3939, 7878",101,16,7880,2^3 · 5 · 197,"2, 5, 197","1, 2, 4, 5, 8, 10, 20, 40, 197, 394, 788, 985, 1576, 1970, 3940, 7880",197,16
997,7883,"1, 7883",7883,7882,2 · 7 · 563,"2, 7, 563","1, 2, 7, 14, 563, 1126, 3941, 7882",563,8,7884,2^2 · 3^3 · 73,"2, 3, 73","1, 2, 3, 4, 6, 9, 12, 18, 27, 36, 54, 73, 108, 146, 219, 292, 438, 657, 876, 1314, 1971, 2628, 3942, 7884",73,24
998,7901,"1, 7901",7901,7900,2^2 · 5^2 · 79,"2, 5, 79","1, 2, 4, 5, 10, 20, 25, 50, 79, 100, 158, 316, 395, 790, 1580, 1975, 3950, 7900",79,18,7902,2 · 3^2 · 439,"2, 3, 439","1, 2, 3, 6, 9, 18, 439, 878, 1317, 2634, 3951, 7902",439,12
999,7907,"1, 7907",7907,7906,2 · 59 · 67,"2, 59, 67","1, 2, 59, 67, 118, 134, 3953, 7906",67,8,7908,2^2 · 3 · 659,"2, 3, 659","1, 2, 3, 4, 6, 12, 659, 1318, 1977, 2636, 3954, 7908",659,12
1000,7919,"1, 7919",7919,7918,2 · 37 · 107,"2, 37, 107","1, 2, 37, 74, 107, 214, 3959, 7918",107,8,7920,2^4 · 3^2 · 5 · 11,"2, 3, 5, 11","1, 2, 3, 4, 5, 6, 8, 9, 10, 11, 12, 15, 16, 18, 20, 22, 24, 30, 33, 36, 40, 44, 45, 48, 55, 60, 66, 72, 80, 88, 90, 99, 110, 120, 132, 144, 165, 176, 180, 198, 220, 240, 264, 330, 360, 396, 440, 495, 528, 660, 720, 792, 880, 990, 1320, 1584, 1980, 2640, 3960, 7920",11,60
